HSCode,Commodity,value,country,year
2,MEAT AND EDIBLE MEAT OFFAL.,1.4,AFGHANISTAN TIS,2010
3,"FISH AND CRUSTACEANS, MOLLUSCS AND OTHER AQUATIC INVERTABRATES.",0.08,AFGHANISTAN TIS,2010
4,"DAIRY PRODUCE; BIRDS' EGGS; NATURAL HONEY; EDIBLE PROD. OF ANIMAL ORIGIN, NOT ELSEWHERE SPEC. OR INCLUDED.",3.89,AFGHANISTAN TIS,2010
5,"PRODUCTS OF ANIMAL ORIGIN, NOT ELSEWHERE SPECIFIED OR INCLUDED.",,AFGHANISTAN TIS,2010
6,LIVE TREES AND OTHER PLANTS; BULBS; ROOTS AND THE LIKE; CUT FLOWERS AND ORNAMENTAL FOLIAGE.,,AFGHANISTAN TIS,2010
7,EDIBLE VEGETABLES AND CERTAIN ROOTS AND TUBERS.,0.17,AFGHANISTAN TIS,2010
8,EDIBLE FRUIT AND NUTS; PEEL OR CITRUS FRUIT OR MELONS.,0.12,AFGHANISTAN TIS,2010
9,"COFFEE, TEA, MATE AND SPICES.",4,AFGHANISTAN TIS,2010
10,CEREALS.,0.03,AFGHANISTAN TIS,2010
11,PRODUCTS OF THE MILLING INDUSTRY; MALT; STARCHES; INULIN; WHEAT GLUTEN.,0.01,AFGHANISTAN TIS,2010
12,"OIL SEEDS AND OLEA. FRUITS; MISC. GRAINS, SEEDS AND FRUIT; INDUSTRIAL OR MEDICINAL PLANTS; STRAW AND FODDER.",0.07,AFGHANISTAN TIS,2010
13,"LAC; GUMS, RESINS AND OTHER VEGETABLE SAPS AND EXTRACTS.",0.07,AFGHANISTAN TIS,2010
14,VEGETABLE PLAITING MATERIALS; VEGETABLE PRODUCTS NOT ELSEWHERE SPECIFIED OR INCLUDED.,0.01,AFGHANISTAN TIS,2010
15,ANIMAL OR VEGETABLE FATS AND OILS AND THEIR CLEAVAGE PRODUCTS; PRE. EDIBLE FATS; ANIMAL OR VEGETABLE WAXEX.,0.03,AFGHANISTAN TIS,2010
16,"PREPARATIONS OF MEAT, OF FISH OR OF CRUSTACEANS, MOLLUSCS OR OTHER AQUATIC INVERTEBRATES",0,AFGHANISTAN TIS,2010
17,SUGARS AND SUGAR CONFECTIONERY.,0.58,AFGHANISTAN TIS,2010
18,COCOA AND COCOA PREPARATIONS.,,AFGHANISTAN TIS,2010
19,"PREPARATIONS OF CEREALS, FLOUR, STARCH OR MILK; PASTRYCOOKS PRODUCTS.",0.2,AFGHANISTAN TIS,2010
20,"PREPARATIONS OF VEGETABLES, FRUIT, NUTS OR OTHER PARTS OF PLANTS.",1.12,AFGHANISTAN TIS,2010
21,MISCELLANEOUS EDIBLE PREPARATIONS.,0.24,AFGHANISTAN TIS,2010
22,"BEVERAGES, SPIRITS AND VINEGAR.",0.03,AFGHANISTAN TIS,2010
23,RESIDUES AND WASTE FROM THE FOOD INDUSTRIES; PREPARED ANIMAL FODER.,0,AFGHANISTAN TIS,2010
24,TOBACCO AND MANUFACTURED TOBACCO SUBSTITUTES.,22.14,AFGHANISTAN TIS,2010
25,"SALT; SULPHUR; EARTHS AND STONE; PLASTERING MATERIALS, LIME AND CEMENT.",0.04,AFGHANISTAN TIS,2010
27,"MINERAL FUELS, MINERAL OILS AND PRODUCTS OF THEIR DISTILLATION; BITUMINOUS SUBSTANCES; MINERAL WAXES.",0.01,AFGHANISTAN TIS,2010
28,"INORGANIC CHEMICALS; ORGANIC OR INORGANIC COMPOUNDS OF PRECIOUS METALS, OF RARE-EARTH METALS, OR RADI. ELEM. OR OF ISOTOPES.",0.15,AFGHANISTAN TIS,2010
29,ORGANIC CHEMICALS,1.91,AFGHANISTAN TIS,2010
30,PHARMACEUTICAL PRODUCTS,37.5,AFGHANISTAN TIS,2010
32,"TANNING OR DYEING EXTRACTS; TANNINS AND THEIR DERI. DYES, PIGMENTS AND OTHER COLOURING MATTER; PAINTS AND VER; PUTTY AND OTHER MASTICS; INKS.",0.14,AFGHANISTAN TIS,2010
33,"ESSENTIAL OILS AND RESINOIDS; PERFUMERY, COSMETIC OR TOILET PREPARATIONS.",3.51,AFGHANISTAN TIS,2010
34,"SOAP, ORGANIC SURFACE-ACTIVE AGENTS, WASHING PREPARATIONS, LUBRICATING PREPARATIONS, ARTIFICIAL WAXES, PREPARED WAXES, POLISHING OR SCOURING PREP.",0.51,AFGHANISTAN TIS,2010
35,ALBUMINOIDAL SUBSTANCES; MODIFIED STARCHES; GLUES; ENZYMES.,0,AFGHANISTAN TIS,2010
37,PHOTOGRAPHIC OR CINEMATOGRAPHIC GOODS.,0.04,AFGHANISTAN TIS,2010
38,MISCELLANEOUS CHEMICAL PRODUCTS.,0.33,AFGHANISTAN TIS,2010
39,PLASTIC AND ARTICLES THEREOF.,1.66,AFGHANISTAN TIS,2010
40,RUBBER AND ARTICLES THEREOF.,30.81,AFGHANISTAN TIS,2010
42,"ARTICLES OF LEATHER,SADDLERY AND HARNESS;TRAVEL GOODS, HANDBAGS AND SIMILAR CONT.ARTICLES OF ANIMAL GUT(OTHR THN SILK-WRM)GUT.",0.33,AFGHANISTAN TIS,2010
44,WOOD AND ARTICLES OF WOOD; WOOD CHARCOAL.,0.03,AFGHANISTAN TIS,2010
48,"PAPER AND PAPERBOARD; ARTICLES OF PAPER PULP, OF PAPER OR OF PAPERBOARD.",0.14,AFGHANISTAN TIS,2010
49,"PRINTED BOOKDS, NEWSPAPERS, PICTURES AND OTHER PRODUCTS OF THE PRINTING INDUSTRY; MANUSCRIPTS, TYPESCRIPTS AND PLANS.",0.74,AFGHANISTAN TIS,2010
50,SILK,0.97,AFGHANISTAN TIS,2010
51,"WOOL, FINE OR COARSE ANIMAL HAIR, HORSEHAIR YARN AND WOVEN FABRIC.",0.09,AFGHANISTAN TIS,2010
52,COTTON.,2.66,AFGHANISTAN TIS,2010
53,OTHER VEGETABLE TEXTILE FIBRES; PAPER YARN AND WOVEN FABRICS OF PAPER YARN.,0.01,AFGHANISTAN TIS,2010
54,MAN-MADE FILAMENTS.,168.8,AFGHANISTAN TIS,2010
55,MAN-MADE STAPLE FIBRES.,8.54,AFGHANISTAN TIS,2010
56,"WADDING, FELT AND NONWOVENS; SPACIAL YARNS; TWINE, CORDAGE, ROPES AND CABLES AND ARTICLES THEREOF.",,AFGHANISTAN TIS,2010
57,CARPETS AND OTHER TEXTILE FLOOR COVERINGS.,0.07,AFGHANISTAN TIS,2010
58,SPECIAL WOVEN FABRICS; TUFTED TEXTILE FABRICS; LACE; TAPESTRIES; TRIMMINGS; EMBROIDERY.,1.8,AFGHANISTAN TIS,2010
59,"IMPREGNATED, COATED, COVERED OR LAMINATED TEXTILE FABRICS; TEXTILE ARTICLES OF A KIND SUITABLE FOR INDUSTRIAL USE.",0.02,AFGHANISTAN TIS,2010
60,KNITTED OR CROCHETED FABRICS.,0.18,AFGHANISTAN TIS,2010
61,"ARTICLES OF APPAREL AND CLOTHING ACCESSORIES, KNITTED OR CORCHETED.",13.44,AFGHANISTAN TIS,2010
62,"ARTICLES OF APPAREL AND CLOTHING ACCESSORIES, NOT KNITTED OR CROCHETED.",28.31,AFGHANISTAN TIS,2010
63,OTHER MADE UP TEXTILE ARTICLES; SETS; WORN CLOTHING AND WORN TEXTILE ARTICLES; RAGS,4,AFGHANISTAN TIS,2010
64,"FOOTWEAR, GAITERS AND THE LIKE; PARTS OF SUCH ARTICLES.",0.48,AFGHANISTAN TIS,2010
65,HEADGEAR AND PARTS THEREOF.,0,AFGHANISTAN TIS,2010
66,"UMBRELLAS, SUN UMBRELLAS, WALKING-STICKS, SEAT-STICKS, WHIPS,RIDING-CROPS AND PARTS THEREOF.",0,AFGHANISTAN TIS,2010
67,PREPARED FEATHERS AND DOWN AND ARTICLES MADE OF FEATHERS OR OF DOWN; ARTIFICIAL FLOWERS; ARTICLES OF HUMAN HAIR.,0,AFGHANISTAN TIS,2010
68,"ARTICLES OF STONE, PLASTER, CEMENT, ASBESTOS, MICA OR SIMILAR MATERIALS.",0.3,AFGHANISTAN TIS,2010
69,CERAMIC PRODUCTS.,0.19,AFGHANISTAN TIS,2010
70,GLASS AND GLASSWARE.,0.16,AFGHANISTAN TIS,2010
71,"NATURAL OR CULTURED PEARLS,PRECIOUS OR SEMIPRECIOUS STONES,PRE.METALS,CLAD WITH PRE.METAL AND ARTCLS THEREOF;IMIT.JEWLRY;COIN.",4.7,AFGHANISTAN TIS,2010
72,IRON AND STEEL,0.92,AFGHANISTAN TIS,2010
73,ARTICLES OF IRON OR STEEL,11.71,AFGHANISTAN TIS,2010
74,COPPER AND ARTICLES THEREOF.,0.08,AFGHANISTAN TIS,2010
75,NICKEL AND ARTICLES THEREOF.,0,AFGHANISTAN TIS,2010
76,ALUMINIUM AND ARTICLES THEREOF.,3.51,AFGHANISTAN TIS,2010
78,LEAD AND ARTICLES THEREOF.,0,AFGHANISTAN TIS,2010
81,OTHER BASE METALS; CERMETS; ARTICLES THEREOF.,0,AFGHANISTAN TIS,2010
82,"TOOLS IMPLEMENTS, CUTLERY, SPOONS AND FORKS, OF BASE METAL; PARTS THEREOF OF BASE METAL.",2.61,AFGHANISTAN TIS,2010
83,MISCELLANEOUS ARTICLES OF BASE METAL.,0.34,AFGHANISTAN TIS,2010
84,"NUCLEAR REACTORS, BOILERS, MACHINERY AND MECHANICAL APPLIANCES; PARTS THEREOF.",7.51,AFGHANISTAN TIS,2010
85,"ELECTRICAL MACHINERY AND EQUIPMENT AND PARTS THEREOF; SOUND RECORDERS AND REPRODUCERS, TELEVISION IMAGE AND SOUND RECORDERS AND REPRODUCERS,AND PARTS.",25.91,AFGHANISTAN TIS,2010
86,"RAILWAY OR TRAMWAY LOCOMOTIVES, ROLLING-STOCK AND PARTS THEREOF; RAILWAY OR TRAMWAY TRACK FIXTURES AND FITTINGS AND PARTS THEREOF; MECHANICAL",0,AFGHANISTAN TIS,2010
87,"VEHICLES OTHER THAN RAILWAY OR TRAMWAY ROLLING STOCK, AND PARTS AND ACCESSORIES THEREOF.",4.9,AFGHANISTAN TIS,2010
88,"AIRCRAFT, SPACECRAFT, AND PARTS THEREOF.",0,AFGHANISTAN TIS,2010
90,"OPTICAL, PHOTOGRAPHIC CINEMATOGRAPHIC MEASURING, CHECKING PRECISION, MEDICAL OR SURGICAL INST. AND APPARATUS PARTS AND ACCESSORIES THEREOF;",4.5,AFGHANISTAN TIS,2010
91,CLOCKS AND WATCHES AND PARTS THEREOF.,0,AFGHANISTAN TIS,2010
92,MUSICAL INSTRUMENTS; PARTS AND ACCESSORIES OF SUCH ARTICLES.,0.09,AFGHANISTAN TIS,2010
94,"FURNITURE; BEDDING, MATTRESSES, MATTRESS SUPPORTS, CUSHIONS AND SIMILAR STUFFED FURNISHING; LAMPS AND LIGHTING FITTINGS NOT ELSEWHERE SPECIFIED OR INC",0.09,AFGHANISTAN TIS,2010
95,"TOYS, GAMES AND SPORTS REQUISITES; PARTS AND ACCESSORIES THEREOF.",0,AFGHANISTAN TIS,2010
96,MISCELLANEOUS MANUFACTURED ARTICLES.,0.61,AFGHANISTAN TIS,2010
97,WORKS OF ART COLLECTORS' PIECES AND ANTIQUES.,0.01,AFGHANISTAN TIS,2010
98,PROJECT GOODS; SOME SPECIAL USES.,0,AFGHANISTAN TIS,2010
99,MISCELLANEOUS GOODS.,12.76,AFGHANISTAN TIS,2010
2,MEAT AND EDIBLE MEAT OFFAL.,2.82,AFGHANISTAN TIS,2011
3,"FISH AND CRUSTACEANS, MOLLUSCS AND OTHER AQUATIC INVERTABRATES.",0.28,AFGHANISTAN TIS,2011
4,"DAIRY PRODUCE; BIRDS' EGGS; NATURAL HONEY; EDIBLE PROD. OF ANIMAL ORIGIN, NOT ELSEWHERE SPEC. OR INCLUDED.",6.43,AFGHANISTAN TIS,2011
6,LIVE TREES AND OTHER PLANTS; BULBS; ROOTS AND THE LIKE; CUT FLOWERS AND ORNAMENTAL FOLIAGE.,0,AFGHANISTAN TIS,2011
7,EDIBLE VEGETABLES AND CERTAIN ROOTS AND TUBERS.,0.03,AFGHANISTAN TIS,2011
8,EDIBLE FRUIT AND NUTS; PEEL OR CITRUS FRUIT OR MELONS.,0.43,AFGHANISTAN TIS,2011
9,"COFFEE, TEA, MATE AND SPICES.",3.03,AFGHANISTAN TIS,2011
10,CEREALS.,11.99,AFGHANISTAN TIS,2011
11,PRODUCTS OF THE MILLING INDUSTRY; MALT; STARCHES; INULIN; WHEAT GLUTEN.,,AFGHANISTAN TIS,2011
12,"OIL SEEDS AND OLEA. FRUITS; MISC. GRAINS, SEEDS AND FRUIT; INDUSTRIAL OR MEDICINAL PLANTS; STRAW AND FODDER.",0.42,AFGHANISTAN TIS,2011
13,"LAC; GUMS, RESINS AND OTHER VEGETABLE SAPS AND EXTRACTS.",0,AFGHANISTAN TIS,2011
14,VEGETABLE PLAITING MATERIALS; VEGETABLE PRODUCTS NOT ELSEWHERE SPECIFIED OR INCLUDED.,0.03,AFGHANISTAN TIS,2011
15,ANIMAL OR VEGETABLE FATS AND OILS AND THEIR CLEAVAGE PRODUCTS; PRE. EDIBLE FATS; ANIMAL OR VEGETABLE WAXEX.,0.02,AFGHANISTAN TIS,2011
16,"PREPARATIONS OF MEAT, OF FISH OR OF CRUSTACEANS, MOLLUSCS OR OTHER AQUATIC INVERTEBRATES",,AFGHANISTAN TIS,2011
17,SUGARS AND SUGAR CONFECTIONERY.,5.46,AFGHANISTAN TIS,2011
18,COCOA AND COCOA PREPARATIONS.,0.01,AFGHANISTAN TIS,2011
19,"PREPARATIONS OF CEREALS, FLOUR, STARCH OR MILK; PASTRYCOOKS PRODUCTS.",0.24,AFGHANISTAN TIS,2011
20,"PREPARATIONS OF VEGETABLES, FRUIT, NUTS OR OTHER PARTS OF PLANTS.",1,AFGHANISTAN TIS,2011
21,MISCELLANEOUS EDIBLE PREPARATIONS.,0.25,AFGHANISTAN TIS,2011
22,"BEVERAGES, SPIRITS AND VINEGAR.",0.02,AFGHANISTAN TIS,2011
23,RESIDUES AND WASTE FROM THE FOOD INDUSTRIES; PREPARED ANIMAL FODER.,0.02,AFGHANISTAN TIS,2011
24,TOBACCO AND MANUFACTURED TOBACCO SUBSTITUTES.,55.09,AFGHANISTAN TIS,2011
25,"SALT; SULPHUR; EARTHS AND STONE; PLASTERING MATERIALS, LIME AND CEMENT.",0.11,AFGHANISTAN TIS,2011
27,"MINERAL FUELS, MINERAL OILS AND PRODUCTS OF THEIR DISTILLATION; BITUMINOUS SUBSTANCES; MINERAL WAXES.",4.79,AFGHANISTAN TIS,2011
28,"INORGANIC CHEMICALS; ORGANIC OR INORGANIC COMPOUNDS OF PRECIOUS METALS, OF RARE-EARTH METALS, OR RADI. ELEM. OR OF ISOTOPES.",0.27,AFGHANISTAN TIS,2011
29,ORGANIC CHEMICALS,1,AFGHANISTAN TIS,2011
30,PHARMACEUTICAL PRODUCTS,48.76,AFGHANISTAN TIS,2011
32,"TANNING OR DYEING EXTRACTS; TANNINS AND THEIR DERI. DYES, PIGMENTS AND OTHER COLOURING MATTER; PAINTS AND VER; PUTTY AND OTHER MASTICS; INKS.",0.07,AFGHANISTAN TIS,2011
33,"ESSENTIAL OILS AND RESINOIDS; PERFUMERY, COSMETIC OR TOILET PREPARATIONS.",6.6,AFGHANISTAN TIS,2011
34,"SOAP, ORGANIC SURFACE-ACTIVE AGENTS, WASHING PREPARATIONS, LUBRICATING PREPARATIONS, ARTIFICIAL WAXES, PREPARED WAXES, POLISHING OR SCOURING PREP.",0.86,AFGHANISTAN TIS,2011
35,ALBUMINOIDAL SUBSTANCES; MODIFIED STARCHES; GLUES; ENZYMES.,0,AFGHANISTAN TIS,2011
37,PHOTOGRAPHIC OR CINEMATOGRAPHIC GOODS.,,AFGHANISTAN TIS,2011
38,MISCELLANEOUS CHEMICAL PRODUCTS.,0.26,AFGHANISTAN TIS,2011
39,PLASTIC AND ARTICLES THEREOF.,9.47,AFGHANISTAN TIS,2011
40,RUBBER AND ARTICLES THEREOF.,10.73,AFGHANISTAN TIS,2011
41,RAW HIDES AND SKINS (OTHER THAN FURSKINS) AND LEATHER,0.04,AFGHANISTAN TIS,2011
42,"ARTICLES OF LEATHER,SADDLERY AND HARNESS;TRAVEL GOODS, HANDBAGS AND SIMILAR CONT.ARTICLES OF ANIMAL GUT(OTHR THN SILK-WRM)GUT.",0.37,AFGHANISTAN TIS,2011
44,WOOD AND ARTICLES OF WOOD; WOOD CHARCOAL.,0.08,AFGHANISTAN TIS,2011
48,"PAPER AND PAPERBOARD; ARTICLES OF PAPER PULP, OF PAPER OR OF PAPERBOARD.",0.39,AFGHANISTAN TIS,2011
49,"PRINTED BOOKDS, NEWSPAPERS, PICTURES AND OTHER PRODUCTS OF THE PRINTING INDUSTRY; MANUSCRIPTS, TYPESCRIPTS AND PLANS.",0.8,AFGHANISTAN TIS,2011
50,SILK,1.14,AFGHANISTAN TIS,2011
51,"WOOL, FINE OR COARSE ANIMAL HAIR, HORSEHAIR YARN AND WOVEN FABRIC.",0.18,AFGHANISTAN TIS,2011
52,COTTON.,1.68,AFGHANISTAN TIS,2011
53,OTHER VEGETABLE TEXTILE FIBRES; PAPER YARN AND WOVEN FABRICS OF PAPER YARN.,0.11,AFGHANISTAN TIS,2011
54,MAN-MADE FILAMENTS.,120.35,AFGHANISTAN TIS,2011
55,MAN-MADE STAPLE FIBRES.,12.58,AFGHANISTAN TIS,2011
56,"WADDING, FELT AND NONWOVENS; SPACIAL YARNS; TWINE, CORDAGE, ROPES AND CABLES AND ARTICLES THEREOF.",0.01,AFGHANISTAN TIS,2011
57,CARPETS AND OTHER TEXTILE FLOOR COVERINGS.,0.16,AFGHANISTAN TIS,2011
58,SPECIAL WOVEN FABRICS; TUFTED TEXTILE FABRICS; LACE; TAPESTRIES; TRIMMINGS; EMBROIDERY.,2.4,AFGHANISTAN TIS,2011
59,"IMPREGNATED, COATED, COVERED OR LAMINATED TEXTILE FABRICS; TEXTILE ARTICLES OF A KIND SUITABLE FOR INDUSTRIAL USE.",0.11,AFGHANISTAN TIS,2011
60,KNITTED OR CROCHETED FABRICS.,0.65,AFGHANISTAN TIS,2011
61,"ARTICLES OF APPAREL AND CLOTHING ACCESSORIES, KNITTED OR CORCHETED.",28.22,AFGHANISTAN TIS,2011
62,"ARTICLES OF APPAREL AND CLOTHING ACCESSORIES, NOT KNITTED OR CROCHETED.",44.82,AFGHANISTAN TIS,2011
63,OTHER MADE UP TEXTILE ARTICLES; SETS; WORN CLOTHING AND WORN TEXTILE ARTICLES; RAGS,3.75,AFGHANISTAN TIS,2011
64,"FOOTWEAR, GAITERS AND THE LIKE; PARTS OF SUCH ARTICLES.",1.01,AFGHANISTAN TIS,2011
65,HEADGEAR AND PARTS THEREOF.,0,AFGHANISTAN TIS,2011
66,"UMBRELLAS, SUN UMBRELLAS, WALKING-STICKS, SEAT-STICKS, WHIPS,RIDING-CROPS AND PARTS THEREOF.",0.02,AFGHANISTAN TIS,2011
67,PREPARED FEATHERS AND DOWN AND ARTICLES MADE OF FEATHERS OR OF DOWN; ARTIFICIAL FLOWERS; ARTICLES OF HUMAN HAIR.,0.03,AFGHANISTAN TIS,2011
68,"ARTICLES OF STONE, PLASTER, CEMENT, ASBESTOS, MICA OR SIMILAR MATERIALS.",0.29,AFGHANISTAN TIS,2011
69,CERAMIC PRODUCTS.,0.05,AFGHANISTAN TIS,2011
70,GLASS AND GLASSWARE.,0.85,AFGHANISTAN TIS,2011
71,"NATURAL OR CULTURED PEARLS,PRECIOUS OR SEMIPRECIOUS STONES,PRE.METALS,CLAD WITH PRE.METAL AND ARTCLS THEREOF;IMIT.JEWLRY;COIN.",64.57,AFGHANISTAN TIS,2011
72,IRON AND STEEL,0.54,AFGHANISTAN TIS,2011
73,ARTICLES OF IRON OR STEEL,4.83,AFGHANISTAN TIS,2011
74,COPPER AND ARTICLES THEREOF.,0.91,AFGHANISTAN TIS,2011
75,NICKEL AND ARTICLES THEREOF.,,AFGHANISTAN TIS,2011
76,ALUMINIUM AND ARTICLES THEREOF.,2.63,AFGHANISTAN TIS,2011
78,LEAD AND ARTICLES THEREOF.,,AFGHANISTAN TIS,2011
79,ZINC AND ARTICLES THEREOF.,0.01,AFGHANISTAN TIS,2011
80,TIN AND ARTICLES THEREOF.,0.01,AFGHANISTAN TIS,2011
81,OTHER BASE METALS; CERMETS; ARTICLES THEREOF.,0,AFGHANISTAN TIS,2011
82,"TOOLS IMPLEMENTS, CUTLERY, SPOONS AND FORKS, OF BASE METAL; PARTS THEREOF OF BASE METAL.",2.61,AFGHANISTAN TIS,2011
83,MISCELLANEOUS ARTICLES OF BASE METAL.,0.65,AFGHANISTAN TIS,2011
84,"NUCLEAR REACTORS, BOILERS, MACHINERY AND MECHANICAL APPLIANCES; PARTS THEREOF.",12.05,AFGHANISTAN TIS,2011
85,"ELECTRICAL MACHINERY AND EQUIPMENT AND PARTS THEREOF; SOUND RECORDERS AND REPRODUCERS, TELEVISION IMAGE AND SOUND RECORDERS AND REPRODUCERS,AND PARTS.",20.65,AFGHANISTAN TIS,2011
86,"RAILWAY OR TRAMWAY LOCOMOTIVES, ROLLING-STOCK AND PARTS THEREOF; RAILWAY OR TRAMWAY TRACK FIXTURES AND FITTINGS AND PARTS THEREOF; MECHANICAL",0,AFGHANISTAN TIS,2011
87,"VEHICLES OTHER THAN RAILWAY OR TRAMWAY ROLLING STOCK, AND PARTS AND ACCESSORIES THEREOF.",6.54,AFGHANISTAN TIS,2011
88,"AIRCRAFT, SPACECRAFT, AND PARTS THEREOF.",,AFGHANISTAN TIS,2011
90,"OPTICAL, PHOTOGRAPHIC CINEMATOGRAPHIC MEASURING, CHECKING PRECISION, MEDICAL OR SURGICAL INST. AND APPARATUS PARTS AND ACCESSORIES THEREOF;",2.24,AFGHANISTAN TIS,2011
91,CLOCKS AND WATCHES AND PARTS THEREOF.,0.01,AFGHANISTAN TIS,2011
92,MUSICAL INSTRUMENTS; PARTS AND ACCESSORIES OF SUCH ARTICLES.,0.05,AFGHANISTAN TIS,2011
94,"FURNITURE; BEDDING, MATTRESSES, MATTRESS SUPPORTS, CUSHIONS AND SIMILAR STUFFED FURNISHING; LAMPS AND LIGHTING FITTINGS NOT ELSEWHERE SPECIFIED OR INC",0.35,AFGHANISTAN TIS,2011
95,"TOYS, GAMES AND SPORTS REQUISITES; PARTS AND ACCESSORIES THEREOF.",0.02,AFGHANISTAN TIS,2011
96,MISCELLANEOUS MANUFACTURED ARTICLES.,1.42,AFGHANISTAN TIS,2011
97,WORKS OF ART COLLECTORS' PIECES AND ANTIQUES.,0.07,AFGHANISTAN TIS,2011
98,PROJECT GOODS; SOME SPECIAL USES.,0,AFGHANISTAN TIS,2011
99,MISCELLANEOUS GOODS.,0.07,AFGHANISTAN TIS,2011
1,LIVE ANIMALS.,0,AFGHANISTAN TIS,2012
2,MEAT AND EDIBLE MEAT OFFAL.,3.11,AFGHANISTAN TIS,2012
3,"FISH AND CRUSTACEANS, MOLLUSCS AND OTHER AQUATIC INVERTABRATES.",0.3,AFGHANISTAN TIS,2012
4,"DAIRY PRODUCE; BIRDS' EGGS; NATURAL HONEY; EDIBLE PROD. OF ANIMAL ORIGIN, NOT ELSEWHERE SPEC. OR INCLUDED.",16.39,AFGHANISTAN TIS,2012
5,"PRODUCTS OF ANIMAL ORIGIN, NOT ELSEWHERE SPECIFIED OR INCLUDED.",0.01,AFGHANISTAN TIS,2012
6,LIVE TREES AND OTHER PLANTS; BULBS; ROOTS AND THE LIKE; CUT FLOWERS AND ORNAMENTAL FOLIAGE.,0.02,AFGHANISTAN TIS,2012
7,EDIBLE VEGETABLES AND CERTAIN ROOTS AND TUBERS.,0.28,AFGHANISTAN TIS,2012
8,EDIBLE FRUIT AND NUTS; PEEL OR CITRUS FRUIT OR MELONS.,0.37,AFGHANISTAN TIS,2012
9,"COFFEE, TEA, MATE AND SPICES.",1.88,AFGHANISTAN TIS,2012
10,CEREALS.,13.36,AFGHANISTAN TIS,2012
11,PRODUCTS OF THE MILLING INDUSTRY; MALT; STARCHES; INULIN; WHEAT GLUTEN.,0.02,AFGHANISTAN TIS,2012
12,"OIL SEEDS AND OLEA. FRUITS; MISC. GRAINS, SEEDS AND FRUIT; INDUSTRIAL OR MEDICINAL PLANTS; STRAW AND FODDER.",0.23,AFGHANISTAN TIS,2012
13,"LAC; GUMS, RESINS AND OTHER VEGETABLE SAPS AND EXTRACTS.",,AFGHANISTAN TIS,2012
14,VEGETABLE PLAITING MATERIALS; VEGETABLE PRODUCTS NOT ELSEWHERE SPECIFIED OR INCLUDED.,0.01,AFGHANISTAN TIS,2012
15,ANIMAL OR VEGETABLE FATS AND OILS AND THEIR CLEAVAGE PRODUCTS; PRE. EDIBLE FATS; ANIMAL OR VEGETABLE WAXEX.,,AFGHANISTAN TIS,2012
17,SUGARS AND SUGAR CONFECTIONERY.,0.03,AFGHANISTAN TIS,2012
18,COCOA AND COCOA PREPARATIONS.,,AFGHANISTAN TIS,2012
19,"PREPARATIONS OF CEREALS, FLOUR, STARCH OR MILK; PASTRYCOOKS PRODUCTS.",0.17,AFGHANISTAN TIS,2012
20,"PREPARATIONS OF VEGETABLES, FRUIT, NUTS OR OTHER PARTS OF PLANTS.",0.09,AFGHANISTAN TIS,2012
21,MISCELLANEOUS EDIBLE PREPARATIONS.,0.28,AFGHANISTAN TIS,2012
22,"BEVERAGES, SPIRITS AND VINEGAR.",0.03,AFGHANISTAN TIS,2012
23,RESIDUES AND WASTE FROM THE FOOD INDUSTRIES; PREPARED ANIMAL FODER.,0.02,AFGHANISTAN TIS,2012
24,TOBACCO AND MANUFACTURED TOBACCO SUBSTITUTES.,22.82,AFGHANISTAN TIS,2012
25,"SALT; SULPHUR; EARTHS AND STONE; PLASTERING MATERIALS, LIME AND CEMENT.",0.11,AFGHANISTAN TIS,2012
27,"MINERAL FUELS, MINERAL OILS AND PRODUCTS OF THEIR DISTILLATION; BITUMINOUS SUBSTANCES; MINERAL WAXES.",0.55,AFGHANISTAN TIS,2012
28,"INORGANIC CHEMICALS; ORGANIC OR INORGANIC COMPOUNDS OF PRECIOUS METALS, OF RARE-EARTH METALS, OR RADI. ELEM. OR OF ISOTOPES.",0.34,AFGHANISTAN TIS,2012
29,ORGANIC CHEMICALS,1.59,AFGHANISTAN TIS,2012
30,PHARMACEUTICAL PRODUCTS,44.79,AFGHANISTAN TIS,2012
32,"TANNING OR DYEING EXTRACTS; TANNINS AND THEIR DERI. DYES, PIGMENTS AND OTHER COLOURING MATTER; PAINTS AND VER; PUTTY AND OTHER MASTICS; INKS.",0.09,AFGHANISTAN TIS,2012
33,"ESSENTIAL OILS AND RESINOIDS; PERFUMERY, COSMETIC OR TOILET PREPARATIONS.",4.02,AFGHANISTAN TIS,2012
34,"SOAP, ORGANIC SURFACE-ACTIVE AGENTS, WASHING PREPARATIONS, LUBRICATING PREPARATIONS, ARTIFICIAL WAXES, PREPARED WAXES, POLISHING OR SCOURING PREP.",0.26,AFGHANISTAN TIS,2012
35,ALBUMINOIDAL SUBSTANCES; MODIFIED STARCHES; GLUES; ENZYMES.,0.02,AFGHANISTAN TIS,2012
37,PHOTOGRAPHIC OR CINEMATOGRAPHIC GOODS.,0.02,AFGHANISTAN TIS,2012
38,MISCELLANEOUS CHEMICAL PRODUCTS.,0.21,AFGHANISTAN TIS,2012
39,PLASTIC AND ARTICLES THEREOF.,3.28,AFGHANISTAN TIS,2012
40,RUBBER AND ARTICLES THEREOF.,5.96,AFGHANISTAN TIS,2012
41,RAW HIDES AND SKINS (OTHER THAN FURSKINS) AND LEATHER,0.52,AFGHANISTAN TIS,2012
42,"ARTICLES OF LEATHER,SADDLERY AND HARNESS;TRAVEL GOODS, HANDBAGS AND SIMILAR CONT.ARTICLES OF ANIMAL GUT(OTHR THN SILK-WRM)GUT.",0.47,AFGHANISTAN TIS,2012
44,WOOD AND ARTICLES OF WOOD; WOOD CHARCOAL.,0.09,AFGHANISTAN TIS,2012
45,CORK AND ARTICLES OF CORK.,,AFGHANISTAN TIS,2012
48,"PAPER AND PAPERBOARD; ARTICLES OF PAPER PULP, OF PAPER OR OF PAPERBOARD.",0.6,AFGHANISTAN TIS,2012
49,"PRINTED BOOKDS, NEWSPAPERS, PICTURES AND OTHER PRODUCTS OF THE PRINTING INDUSTRY; MANUSCRIPTS, TYPESCRIPTS AND PLANS.",0.95,AFGHANISTAN TIS,2012
50,SILK,0.98,AFGHANISTAN TIS,2012
51,"WOOL, FINE OR COARSE ANIMAL HAIR, HORSEHAIR YARN AND WOVEN FABRIC.",0.07,AFGHANISTAN TIS,2012
52,COTTON.,1.55,AFGHANISTAN TIS,2012
53,OTHER VEGETABLE TEXTILE FIBRES; PAPER YARN AND WOVEN FABRICS OF PAPER YARN.,,AFGHANISTAN TIS,2012
54,MAN-MADE FILAMENTS.,116,AFGHANISTAN TIS,2012
55,MAN-MADE STAPLE FIBRES.,27.49,AFGHANISTAN TIS,2012
56,"WADDING, FELT AND NONWOVENS; SPACIAL YARNS; TWINE, CORDAGE, ROPES AND CABLES AND ARTICLES THEREOF.",0.01,AFGHANISTAN TIS,2012
57,CARPETS AND OTHER TEXTILE FLOOR COVERINGS.,0.07,AFGHANISTAN TIS,2012
58,SPECIAL WOVEN FABRICS; TUFTED TEXTILE FABRICS; LACE; TAPESTRIES; TRIMMINGS; EMBROIDERY.,1.09,AFGHANISTAN TIS,2012
59,"IMPREGNATED, COATED, COVERED OR LAMINATED TEXTILE FABRICS; TEXTILE ARTICLES OF A KIND SUITABLE FOR INDUSTRIAL USE.",0.1,AFGHANISTAN TIS,2012
60,KNITTED OR CROCHETED FABRICS.,0.06,AFGHANISTAN TIS,2012
61,"ARTICLES OF APPAREL AND CLOTHING ACCESSORIES, KNITTED OR CORCHETED.",36.78,AFGHANISTAN TIS,2012
62,"ARTICLES OF APPAREL AND CLOTHING ACCESSORIES, NOT KNITTED OR CROCHETED.",35.8,AFGHANISTAN TIS,2012
63,OTHER MADE UP TEXTILE ARTICLES; SETS; WORN CLOTHING AND WORN TEXTILE ARTICLES; RAGS,3.26,AFGHANISTAN TIS,2012
64,"FOOTWEAR, GAITERS AND THE LIKE; PARTS OF SUCH ARTICLES.",5.51,AFGHANISTAN TIS,2012
65,HEADGEAR AND PARTS THEREOF.,0.41,AFGHANISTAN TIS,2012
66,"UMBRELLAS, SUN UMBRELLAS, WALKING-STICKS, SEAT-STICKS, WHIPS,RIDING-CROPS AND PARTS THEREOF.",0,AFGHANISTAN TIS,2012
67,PREPARED FEATHERS AND DOWN AND ARTICLES MADE OF FEATHERS OR OF DOWN; ARTIFICIAL FLOWERS; ARTICLES OF HUMAN HAIR.,0.01,AFGHANISTAN TIS,2012
68,"ARTICLES OF STONE, PLASTER, CEMENT, ASBESTOS, MICA OR SIMILAR MATERIALS.",0.38,AFGHANISTAN TIS,2012
69,CERAMIC PRODUCTS.,0.11,AFGHANISTAN TIS,2012
70,GLASS AND GLASSWARE.,1.85,AFGHANISTAN TIS,2012
71,"NATURAL OR CULTURED PEARLS,PRECIOUS OR SEMIPRECIOUS STONES,PRE.METALS,CLAD WITH PRE.METAL AND ARTCLS THEREOF;IMIT.JEWLRY;COIN.",45.14,AFGHANISTAN TIS,2012
72,IRON AND STEEL,0.29,AFGHANISTAN TIS,2012
73,ARTICLES OF IRON OR STEEL,16.88,AFGHANISTAN TIS,2012
74,COPPER AND ARTICLES THEREOF.,0.49,AFGHANISTAN TIS,2012
76,ALUMINIUM AND ARTICLES THEREOF.,3.6,AFGHANISTAN TIS,2012
78,LEAD AND ARTICLES THEREOF.,0.01,AFGHANISTAN TIS,2012
79,ZINC AND ARTICLES THEREOF.,0.01,AFGHANISTAN TIS,2012
80,TIN AND ARTICLES THEREOF.,,AFGHANISTAN TIS,2012
81,OTHER BASE METALS; CERMETS; ARTICLES THEREOF.,,AFGHANISTAN TIS,2012
82,"TOOLS IMPLEMENTS, CUTLERY, SPOONS AND FORKS, OF BASE METAL; PARTS THEREOF OF BASE METAL.",1.8,AFGHANISTAN TIS,2012
83,MISCELLANEOUS ARTICLES OF BASE METAL.,0.66,AFGHANISTAN TIS,2012
84,"NUCLEAR REACTORS, BOILERS, MACHINERY AND MECHANICAL APPLIANCES; PARTS THEREOF.",6.57,AFGHANISTAN TIS,2012
85,"ELECTRICAL MACHINERY AND EQUIPMENT AND PARTS THEREOF; SOUND RECORDERS AND REPRODUCERS, TELEVISION IMAGE AND SOUND RECORDERS AND REPRODUCERS,AND PARTS.",23.29,AFGHANISTAN TIS,2012
86,"RAILWAY OR TRAMWAY LOCOMOTIVES, ROLLING-STOCK AND PARTS THEREOF; RAILWAY OR TRAMWAY TRACK FIXTURES AND FITTINGS AND PARTS THEREOF; MECHANICAL",0.01,AFGHANISTAN TIS,2012
87,"VEHICLES OTHER THAN RAILWAY OR TRAMWAY ROLLING STOCK, AND PARTS AND ACCESSORIES THEREOF.",14.34,AFGHANISTAN TIS,2012
88,"AIRCRAFT, SPACECRAFT, AND PARTS THEREOF.",0.01,AFGHANISTAN TIS,2012
90,"OPTICAL, PHOTOGRAPHIC CINEMATOGRAPHIC MEASURING, CHECKING PRECISION, MEDICAL OR SURGICAL INST. AND APPARATUS PARTS AND ACCESSORIES THEREOF;",3.6,AFGHANISTAN TIS,2012
91,CLOCKS AND WATCHES AND PARTS THEREOF.,0,AFGHANISTAN TIS,2012
92,MUSICAL INSTRUMENTS; PARTS AND ACCESSORIES OF SUCH ARTICLES.,0.05,AFGHANISTAN TIS,2012
94,"FURNITURE; BEDDING, MATTRESSES, MATTRESS SUPPORTS, CUSHIONS AND SIMILAR STUFFED FURNISHING; LAMPS AND LIGHTING FITTINGS NOT ELSEWHERE SPECIFIED OR INC",0.18,AFGHANISTAN TIS,2012
95,"TOYS, GAMES AND SPORTS REQUISITES; PARTS AND ACCESSORIES THEREOF.",0,AFGHANISTAN TIS,2012
96,MISCELLANEOUS MANUFACTURED ARTICLES.,0.73,AFGHANISTAN TIS,2012
97,WORKS OF ART COLLECTORS' PIECES AND ANTIQUES.,0.01,AFGHANISTAN TIS,2012
98,PROJECT GOODS; SOME SPECIAL USES.,0.01,AFGHANISTAN TIS,2012
99,MISCELLANEOUS GOODS.,0.05,AFGHANISTAN TIS,2012
1,LIVE ANIMALS.,0.06,AFGHANISTAN TIS,2013
2,MEAT AND EDIBLE MEAT OFFAL.,2.82,AFGHANISTAN TIS,2013
3,"FISH AND CRUSTACEANS, MOLLUSCS AND OTHER AQUATIC INVERTABRATES.",0.02,AFGHANISTAN TIS,2013
4,"DAIRY PRODUCE; BIRDS' EGGS; NATURAL HONEY; EDIBLE PROD. OF ANIMAL ORIGIN, NOT ELSEWHERE SPEC. OR INCLUDED.",10.57,AFGHANISTAN TIS,2013
5,"PRODUCTS OF ANIMAL ORIGIN, NOT ELSEWHERE SPECIFIED OR INCLUDED.",,AFGHANISTAN TIS,2013
6,LIVE TREES AND OTHER PLANTS; BULBS; ROOTS AND THE LIKE; CUT FLOWERS AND ORNAMENTAL FOLIAGE.,0.01,AFGHANISTAN TIS,2013
7,EDIBLE VEGETABLES AND CERTAIN ROOTS AND TUBERS.,0.05,AFGHANISTAN TIS,2013
8,EDIBLE FRUIT AND NUTS; PEEL OR CITRUS FRUIT OR MELONS.,0.13,AFGHANISTAN TIS,2013
9,"COFFEE, TEA, MATE AND SPICES.",7.36,AFGHANISTAN TIS,2013
10,CEREALS.,38.06,AFGHANISTAN TIS,2013
11,PRODUCTS OF THE MILLING INDUSTRY; MALT; STARCHES; INULIN; WHEAT GLUTEN.,0.01,AFGHANISTAN TIS,2013
12,"OIL SEEDS AND OLEA. FRUITS; MISC. GRAINS, SEEDS AND FRUIT; INDUSTRIAL OR MEDICINAL PLANTS; STRAW AND FODDER.",0.18,AFGHANISTAN TIS,2013
13,"LAC; GUMS, RESINS AND OTHER VEGETABLE SAPS AND EXTRACTS.",0.63,AFGHANISTAN TIS,2013
14,VEGETABLE PLAITING MATERIALS; VEGETABLE PRODUCTS NOT ELSEWHERE SPECIFIED OR INCLUDED.,0.01,AFGHANISTAN TIS,2013
15,ANIMAL OR VEGETABLE FATS AND OILS AND THEIR CLEAVAGE PRODUCTS; PRE. EDIBLE FATS; ANIMAL OR VEGETABLE WAXEX.,0.07,AFGHANISTAN TIS,2013
17,SUGARS AND SUGAR CONFECTIONERY.,0.05,AFGHANISTAN TIS,2013
19,"PREPARATIONS OF CEREALS, FLOUR, STARCH OR MILK; PASTRYCOOKS PRODUCTS.",0.21,AFGHANISTAN TIS,2013
20,"PREPARATIONS OF VEGETABLES, FRUIT, NUTS OR OTHER PARTS OF PLANTS.",0.32,AFGHANISTAN TIS,2013
21,MISCELLANEOUS EDIBLE PREPARATIONS.,0.29,AFGHANISTAN TIS,2013
22,"BEVERAGES, SPIRITS AND VINEGAR.",0.09,AFGHANISTAN TIS,2013
23,RESIDUES AND WASTE FROM THE FOOD INDUSTRIES; PREPARED ANIMAL FODER.,0.01,AFGHANISTAN TIS,2013
24,TOBACCO AND MANUFACTURED TOBACCO SUBSTITUTES.,12.45,AFGHANISTAN TIS,2013
25,"SALT; SULPHUR; EARTHS AND STONE; PLASTERING MATERIALS, LIME AND CEMENT.",0.16,AFGHANISTAN TIS,2013
27,"MINERAL FUELS, MINERAL OILS AND PRODUCTS OF THEIR DISTILLATION; BITUMINOUS SUBSTANCES; MINERAL WAXES.",0.76,AFGHANISTAN TIS,2013
28,"INORGANIC CHEMICALS; ORGANIC OR INORGANIC COMPOUNDS OF PRECIOUS METALS, OF RARE-EARTH METALS, OR RADI. ELEM. OR OF ISOTOPES.",0.31,AFGHANISTAN TIS,2013
29,ORGANIC CHEMICALS,1.94,AFGHANISTAN TIS,2013
30,PHARMACEUTICAL PRODUCTS,46.6,AFGHANISTAN TIS,2013
32,"TANNING OR DYEING EXTRACTS; TANNINS AND THEIR DERI. DYES, PIGMENTS AND OTHER COLOURING MATTER; PAINTS AND VER; PUTTY AND OTHER MASTICS; INKS.",0.09,AFGHANISTAN TIS,2013
33,"ESSENTIAL OILS AND RESINOIDS; PERFUMERY, COSMETIC OR TOILET PREPARATIONS.",4.49,AFGHANISTAN TIS,2013
34,"SOAP, ORGANIC SURFACE-ACTIVE AGENTS, WASHING PREPARATIONS, LUBRICATING PREPARATIONS, ARTIFICIAL WAXES, PREPARED WAXES, POLISHING OR SCOURING PREP.",0.36,AFGHANISTAN TIS,2013
35,ALBUMINOIDAL SUBSTANCES; MODIFIED STARCHES; GLUES; ENZYMES.,0,AFGHANISTAN TIS,2013
36,EXPLOSIVES; PYROTECHNIC PRODUCTS; MATCHES; PYROPHORIC ALLOYS; CERTAIN COMBUSTIBLE PREPARATIONS.,0,AFGHANISTAN TIS,2013
37,PHOTOGRAPHIC OR CINEMATOGRAPHIC GOODS.,0,AFGHANISTAN TIS,2013
38,MISCELLANEOUS CHEMICAL PRODUCTS.,0.2,AFGHANISTAN TIS,2013
39,PLASTIC AND ARTICLES THEREOF.,8.68,AFGHANISTAN TIS,2013
40,RUBBER AND ARTICLES THEREOF.,4.55,AFGHANISTAN TIS,2013
41,RAW HIDES AND SKINS (OTHER THAN FURSKINS) AND LEATHER,0.12,AFGHANISTAN TIS,2013
42,"ARTICLES OF LEATHER,SADDLERY AND HARNESS;TRAVEL GOODS, HANDBAGS AND SIMILAR CONT.ARTICLES OF ANIMAL GUT(OTHR THN SILK-WRM)GUT.",0.4,AFGHANISTAN TIS,2013
44,WOOD AND ARTICLES OF WOOD; WOOD CHARCOAL.,0.15,AFGHANISTAN TIS,2013
45,CORK AND ARTICLES OF CORK.,,AFGHANISTAN TIS,2013
46,"MANUFACTURES OF STRAW, OF ESPARTO OR OF OTHER PLAITING MATERIALS; BASKETWARE AND WICKERWORK.",0,AFGHANISTAN TIS,2013
48,"PAPER AND PAPERBOARD; ARTICLES OF PAPER PULP, OF PAPER OR OF PAPERBOARD.",0.14,AFGHANISTAN TIS,2013
49,"PRINTED BOOKDS, NEWSPAPERS, PICTURES AND OTHER PRODUCTS OF THE PRINTING INDUSTRY; MANUSCRIPTS, TYPESCRIPTS AND PLANS.",1.95,AFGHANISTAN TIS,2013
50,SILK,3.68,AFGHANISTAN TIS,2013
51,"WOOL, FINE OR COARSE ANIMAL HAIR, HORSEHAIR YARN AND WOVEN FABRIC.",0.27,AFGHANISTAN TIS,2013
52,COTTON.,1.31,AFGHANISTAN TIS,2013
53,OTHER VEGETABLE TEXTILE FIBRES; PAPER YARN AND WOVEN FABRICS OF PAPER YARN.,0,AFGHANISTAN TIS,2013
54,MAN-MADE FILAMENTS.,169.03,AFGHANISTAN TIS,2013
55,MAN-MADE STAPLE FIBRES.,25.87,AFGHANISTAN TIS,2013
56,"WADDING, FELT AND NONWOVENS; SPACIAL YARNS; TWINE, CORDAGE, ROPES AND CABLES AND ARTICLES THEREOF.",0.05,AFGHANISTAN TIS,2013
57,CARPETS AND OTHER TEXTILE FLOOR COVERINGS.,0.06,AFGHANISTAN TIS,2013
58,SPECIAL WOVEN FABRICS; TUFTED TEXTILE FABRICS; LACE; TAPESTRIES; TRIMMINGS; EMBROIDERY.,0.83,AFGHANISTAN TIS,2013
59,"IMPREGNATED, COATED, COVERED OR LAMINATED TEXTILE FABRICS; TEXTILE ARTICLES OF A KIND SUITABLE FOR INDUSTRIAL USE.",0.62,AFGHANISTAN TIS,2013
60,KNITTED OR CROCHETED FABRICS.,0.06,AFGHANISTAN TIS,2013
61,"ARTICLES OF APPAREL AND CLOTHING ACCESSORIES, KNITTED OR CORCHETED.",30.12,AFGHANISTAN TIS,2013
62,"ARTICLES OF APPAREL AND CLOTHING ACCESSORIES, NOT KNITTED OR CROCHETED.",39.04,AFGHANISTAN TIS,2013
63,OTHER MADE UP TEXTILE ARTICLES; SETS; WORN CLOTHING AND WORN TEXTILE ARTICLES; RAGS,2.06,AFGHANISTAN TIS,2013
64,"FOOTWEAR, GAITERS AND THE LIKE; PARTS OF SUCH ARTICLES.",2.32,AFGHANISTAN TIS,2013
65,HEADGEAR AND PARTS THEREOF.,0.02,AFGHANISTAN TIS,2013
66,"UMBRELLAS, SUN UMBRELLAS, WALKING-STICKS, SEAT-STICKS, WHIPS,RIDING-CROPS AND PARTS THEREOF.",0,AFGHANISTAN TIS,2013
67,PREPARED FEATHERS AND DOWN AND ARTICLES MADE OF FEATHERS OR OF DOWN; ARTIFICIAL FLOWERS; ARTICLES OF HUMAN HAIR.,0,AFGHANISTAN TIS,2013
68,"ARTICLES OF STONE, PLASTER, CEMENT, ASBESTOS, MICA OR SIMILAR MATERIALS.",0.43,AFGHANISTAN TIS,2013
69,CERAMIC PRODUCTS.,0.04,AFGHANISTAN TIS,2013
70,GLASS AND GLASSWARE.,1.49,AFGHANISTAN TIS,2013
71,"NATURAL OR CULTURED PEARLS,PRECIOUS OR SEMIPRECIOUS STONES,PRE.METALS,CLAD WITH PRE.METAL AND ARTCLS THEREOF;IMIT.JEWLRY;COIN.",6.11,AFGHANISTAN TIS,2013
72,IRON AND STEEL,0.57,AFGHANISTAN TIS,2013
73,ARTICLES OF IRON OR STEEL,11.06,AFGHANISTAN TIS,2013
74,COPPER AND ARTICLES THEREOF.,0.16,AFGHANISTAN TIS,2013
76,ALUMINIUM AND ARTICLES THEREOF.,1.81,AFGHANISTAN TIS,2013
78,LEAD AND ARTICLES THEREOF.,,AFGHANISTAN TIS,2013
79,ZINC AND ARTICLES THEREOF.,0,AFGHANISTAN TIS,2013
80,TIN AND ARTICLES THEREOF.,0.01,AFGHANISTAN TIS,2013
82,"TOOLS IMPLEMENTS, CUTLERY, SPOONS AND FORKS, OF BASE METAL; PARTS THEREOF OF BASE METAL.",1.94,AFGHANISTAN TIS,2013
83,MISCELLANEOUS ARTICLES OF BASE METAL.,0.52,AFGHANISTAN TIS,2013
84,"NUCLEAR REACTORS, BOILERS, MACHINERY AND MECHANICAL APPLIANCES; PARTS THEREOF.",7.19,AFGHANISTAN TIS,2013
85,"ELECTRICAL MACHINERY AND EQUIPMENT AND PARTS THEREOF; SOUND RECORDERS AND REPRODUCERS, TELEVISION IMAGE AND SOUND RECORDERS AND REPRODUCERS,AND PARTS.",12.4,AFGHANISTAN TIS,2013
86,"RAILWAY OR TRAMWAY LOCOMOTIVES, ROLLING-STOCK AND PARTS THEREOF; RAILWAY OR TRAMWAY TRACK FIXTURES AND FITTINGS AND PARTS THEREOF; MECHANICAL",0.03,AFGHANISTAN TIS,2013
87,"VEHICLES OTHER THAN RAILWAY OR TRAMWAY ROLLING STOCK, AND PARTS AND ACCESSORIES THEREOF.",3.89,AFGHANISTAN TIS,2013
88,"AIRCRAFT, SPACECRAFT, AND PARTS THEREOF.",0,AFGHANISTAN TIS,2013
90,"OPTICAL, PHOTOGRAPHIC CINEMATOGRAPHIC MEASURING, CHECKING PRECISION, MEDICAL OR SURGICAL INST. AND APPARATUS PARTS AND ACCESSORIES THEREOF;",4.7,AFGHANISTAN TIS,2013
91,CLOCKS AND WATCHES AND PARTS THEREOF.,0.01,AFGHANISTAN TIS,2013
92,MUSICAL INSTRUMENTS; PARTS AND ACCESSORIES OF SUCH ARTICLES.,0.01,AFGHANISTAN TIS,2013
93,ARMS AND AMMUNITION; PARTS AND ACCESSORIES THEREOF.,0.07,AFGHANISTAN TIS,2013
94,"FURNITURE; BEDDING, MATTRESSES, MATTRESS SUPPORTS, CUSHIONS AND SIMILAR STUFFED FURNISHING; LAMPS AND LIGHTING FITTINGS NOT ELSEWHERE SPECIFIED OR INC",0.15,AFGHANISTAN TIS,2013
95,"TOYS, GAMES AND SPORTS REQUISITES; PARTS AND ACCESSORIES THEREOF.",0.01,AFGHANISTAN TIS,2013
96,MISCELLANEOUS MANUFACTURED ARTICLES.,1.93,AFGHANISTAN TIS,2013
97,WORKS OF ART COLLECTORS' PIECES AND ANTIQUES.,0,AFGHANISTAN TIS,2013
98,PROJECT GOODS; SOME SPECIAL USES.,0.01,AFGHANISTAN TIS,2013
99,MISCELLANEOUS GOODS.,0.08,AFGHANISTAN TIS,2013
1,LIVE ANIMALS.,0.04,AFGHANISTAN TIS,2014
2,MEAT AND EDIBLE MEAT OFFAL.,6.28,AFGHANISTAN TIS,2014
3,"FISH AND CRUSTACEANS, MOLLUSCS AND OTHER AQUATIC INVERTABRATES.",0.07,AFGHANISTAN TIS,2014
4,"DAIRY PRODUCE; BIRDS' EGGS; NATURAL HONEY; EDIBLE PROD. OF ANIMAL ORIGIN, NOT ELSEWHERE SPEC. OR INCLUDED.",6.93,AFGHANISTAN TIS,2014
6,LIVE TREES AND OTHER PLANTS; BULBS; ROOTS AND THE LIKE; CUT FLOWERS AND ORNAMENTAL FOLIAGE.,0.01,AFGHANISTAN TIS,2014
7,EDIBLE VEGETABLES AND CERTAIN ROOTS AND TUBERS.,0,AFGHANISTAN TIS,2014
8,EDIBLE FRUIT AND NUTS; PEEL OR CITRUS FRUIT OR MELONS.,0.04,AFGHANISTAN TIS,2014
9,"COFFEE, TEA, MATE AND SPICES.",3.97,AFGHANISTAN TIS,2014
10,CEREALS.,1.16,AFGHANISTAN TIS,2014
11,PRODUCTS OF THE MILLING INDUSTRY; MALT; STARCHES; INULIN; WHEAT GLUTEN.,0.01,AFGHANISTAN TIS,2014
12,"OIL SEEDS AND OLEA. FRUITS; MISC. GRAINS, SEEDS AND FRUIT; INDUSTRIAL OR MEDICINAL PLANTS; STRAW AND FODDER.",0.33,AFGHANISTAN TIS,2014
13,"LAC; GUMS, RESINS AND OTHER VEGETABLE SAPS AND EXTRACTS.",,AFGHANISTAN TIS,2014
14,VEGETABLE PLAITING MATERIALS; VEGETABLE PRODUCTS NOT ELSEWHERE SPECIFIED OR INCLUDED.,,AFGHANISTAN TIS,2014
15,ANIMAL OR VEGETABLE FATS AND OILS AND THEIR CLEAVAGE PRODUCTS; PRE. EDIBLE FATS; ANIMAL OR VEGETABLE WAXEX.,0.01,AFGHANISTAN TIS,2014
16,"PREPARATIONS OF MEAT, OF FISH OR OF CRUSTACEANS, MOLLUSCS OR OTHER AQUATIC INVERTEBRATES",0.08,AFGHANISTAN TIS,2014
17,SUGARS AND SUGAR CONFECTIONERY.,0.04,AFGHANISTAN TIS,2014
19,"PREPARATIONS OF CEREALS, FLOUR, STARCH OR MILK; PASTRYCOOKS PRODUCTS.",0.25,AFGHANISTAN TIS,2014
20,"PREPARATIONS OF VEGETABLES, FRUIT, NUTS OR OTHER PARTS OF PLANTS.",2.15,AFGHANISTAN TIS,2014
21,MISCELLANEOUS EDIBLE PREPARATIONS.,1.85,AFGHANISTAN TIS,2014
22,"BEVERAGES, SPIRITS AND VINEGAR.",0.03,AFGHANISTAN TIS,2014
23,RESIDUES AND WASTE FROM THE FOOD INDUSTRIES; PREPARED ANIMAL FODER.,0.05,AFGHANISTAN TIS,2014
24,TOBACCO AND MANUFACTURED TOBACCO SUBSTITUTES.,15.98,AFGHANISTAN TIS,2014
25,"SALT; SULPHUR; EARTHS AND STONE; PLASTERING MATERIALS, LIME AND CEMENT.",0.02,AFGHANISTAN TIS,2014
27,"MINERAL FUELS, MINERAL OILS AND PRODUCTS OF THEIR DISTILLATION; BITUMINOUS SUBSTANCES; MINERAL WAXES.",0.84,AFGHANISTAN TIS,2014
28,"INORGANIC CHEMICALS; ORGANIC OR INORGANIC COMPOUNDS OF PRECIOUS METALS, OF RARE-EARTH METALS, OR RADI. ELEM. OR OF ISOTOPES.",0.11,AFGHANISTAN TIS,2014
29,ORGANIC CHEMICALS,2.68,AFGHANISTAN TIS,2014
30,PHARMACEUTICAL PRODUCTS,46.21,AFGHANISTAN TIS,2014
32,"TANNING OR DYEING EXTRACTS; TANNINS AND THEIR DERI. DYES, PIGMENTS AND OTHER COLOURING MATTER; PAINTS AND VER; PUTTY AND OTHER MASTICS; INKS.",0.04,AFGHANISTAN TIS,2014
33,"ESSENTIAL OILS AND RESINOIDS; PERFUMERY, COSMETIC OR TOILET PREPARATIONS.",4,AFGHANISTAN TIS,2014
34,"SOAP, ORGANIC SURFACE-ACTIVE AGENTS, WASHING PREPARATIONS, LUBRICATING PREPARATIONS, ARTIFICIAL WAXES, PREPARED WAXES, POLISHING OR SCOURING PREP.",0.46,AFGHANISTAN TIS,2014
35,ALBUMINOIDAL SUBSTANCES; MODIFIED STARCHES; GLUES; ENZYMES.,0.01,AFGHANISTAN TIS,2014
36,EXPLOSIVES; PYROTECHNIC PRODUCTS; MATCHES; PYROPHORIC ALLOYS; CERTAIN COMBUSTIBLE PREPARATIONS.,0.02,AFGHANISTAN TIS,2014
37,PHOTOGRAPHIC OR CINEMATOGRAPHIC GOODS.,0,AFGHANISTAN TIS,2014
38,MISCELLANEOUS CHEMICAL PRODUCTS.,0.53,AFGHANISTAN TIS,2014
39,PLASTIC AND ARTICLES THEREOF.,6.09,AFGHANISTAN TIS,2014
40,RUBBER AND ARTICLES THEREOF.,7.23,AFGHANISTAN TIS,2014
41,RAW HIDES AND SKINS (OTHER THAN FURSKINS) AND LEATHER,0.02,AFGHANISTAN TIS,2014
42,"ARTICLES OF LEATHER,SADDLERY AND HARNESS;TRAVEL GOODS, HANDBAGS AND SIMILAR CONT.ARTICLES OF ANIMAL GUT(OTHR THN SILK-WRM)GUT.",0.48,AFGHANISTAN TIS,2014
44,WOOD AND ARTICLES OF WOOD; WOOD CHARCOAL.,0.17,AFGHANISTAN TIS,2014
46,"MANUFACTURES OF STRAW, OF ESPARTO OR OF OTHER PLAITING MATERIALS; BASKETWARE AND WICKERWORK.",,AFGHANISTAN TIS,2014
48,"PAPER AND PAPERBOARD; ARTICLES OF PAPER PULP, OF PAPER OR OF PAPERBOARD.",0.3,AFGHANISTAN TIS,2014
49,"PRINTED BOOKDS, NEWSPAPERS, PICTURES AND OTHER PRODUCTS OF THE PRINTING INDUSTRY; MANUSCRIPTS, TYPESCRIPTS AND PLANS.",1.07,AFGHANISTAN TIS,2014
50,SILK,0.47,AFGHANISTAN TIS,2014
51,"WOOL, FINE OR COARSE ANIMAL HAIR, HORSEHAIR YARN AND WOVEN FABRIC.",0.13,AFGHANISTAN TIS,2014
52,COTTON.,1.64,AFGHANISTAN TIS,2014
53,OTHER VEGETABLE TEXTILE FIBRES; PAPER YARN AND WOVEN FABRICS OF PAPER YARN.,,AFGHANISTAN TIS,2014
54,MAN-MADE FILAMENTS.,134.77,AFGHANISTAN TIS,2014
55,MAN-MADE STAPLE FIBRES.,27.2,AFGHANISTAN TIS,2014
56,"WADDING, FELT AND NONWOVENS; SPACIAL YARNS; TWINE, CORDAGE, ROPES AND CABLES AND ARTICLES THEREOF.",0.05,AFGHANISTAN TIS,2014
57,CARPETS AND OTHER TEXTILE FLOOR COVERINGS.,0.04,AFGHANISTAN TIS,2014
58,SPECIAL WOVEN FABRICS; TUFTED TEXTILE FABRICS; LACE; TAPESTRIES; TRIMMINGS; EMBROIDERY.,2.21,AFGHANISTAN TIS,2014
59,"IMPREGNATED, COATED, COVERED OR LAMINATED TEXTILE FABRICS; TEXTILE ARTICLES OF A KIND SUITABLE FOR INDUSTRIAL USE.",0.46,AFGHANISTAN TIS,2014
60,KNITTED OR CROCHETED FABRICS.,0.04,AFGHANISTAN TIS,2014
61,"ARTICLES OF APPAREL AND CLOTHING ACCESSORIES, KNITTED OR CORCHETED.",30.74,AFGHANISTAN TIS,2014
62,"ARTICLES OF APPAREL AND CLOTHING ACCESSORIES, NOT KNITTED OR CROCHETED.",57.04,AFGHANISTAN TIS,2014
63,OTHER MADE UP TEXTILE ARTICLES; SETS; WORN CLOTHING AND WORN TEXTILE ARTICLES; RAGS,2.26,AFGHANISTAN TIS,2014
64,"FOOTWEAR, GAITERS AND THE LIKE; PARTS OF SUCH ARTICLES.",3.39,AFGHANISTAN TIS,2014
65,HEADGEAR AND PARTS THEREOF.,0.01,AFGHANISTAN TIS,2014
66,"UMBRELLAS, SUN UMBRELLAS, WALKING-STICKS, SEAT-STICKS, WHIPS,RIDING-CROPS AND PARTS THEREOF.",0.01,AFGHANISTAN TIS,2014
67,PREPARED FEATHERS AND DOWN AND ARTICLES MADE OF FEATHERS OR OF DOWN; ARTIFICIAL FLOWERS; ARTICLES OF HUMAN HAIR.,0.01,AFGHANISTAN TIS,2014
68,"ARTICLES OF STONE, PLASTER, CEMENT, ASBESTOS, MICA OR SIMILAR MATERIALS.",0.51,AFGHANISTAN TIS,2014
69,CERAMIC PRODUCTS.,0.06,AFGHANISTAN TIS,2014
70,GLASS AND GLASSWARE.,0.88,AFGHANISTAN TIS,2014
71,"NATURAL OR CULTURED PEARLS,PRECIOUS OR SEMIPRECIOUS STONES,PRE.METALS,CLAD WITH PRE.METAL AND ARTCLS THEREOF;IMIT.JEWLRY;COIN.",5.71,AFGHANISTAN TIS,2014
72,IRON AND STEEL,0.11,AFGHANISTAN TIS,2014
73,ARTICLES OF IRON OR STEEL,6.55,AFGHANISTAN TIS,2014
74,COPPER AND ARTICLES THEREOF.,0.29,AFGHANISTAN TIS,2014
75,NICKEL AND ARTICLES THEREOF.,0,AFGHANISTAN TIS,2014
76,ALUMINIUM AND ARTICLES THEREOF.,5.01,AFGHANISTAN TIS,2014
79,ZINC AND ARTICLES THEREOF.,,AFGHANISTAN TIS,2014
80,TIN AND ARTICLES THEREOF.,,AFGHANISTAN TIS,2014
81,OTHER BASE METALS; CERMETS; ARTICLES THEREOF.,0,AFGHANISTAN TIS,2014
82,"TOOLS IMPLEMENTS, CUTLERY, SPOONS AND FORKS, OF BASE METAL; PARTS THEREOF OF BASE METAL.",2.05,AFGHANISTAN TIS,2014
83,MISCELLANEOUS ARTICLES OF BASE METAL.,0.32,AFGHANISTAN TIS,2014
84,"NUCLEAR REACTORS, BOILERS, MACHINERY AND MECHANICAL APPLIANCES; PARTS THEREOF.",8.87,AFGHANISTAN TIS,2014
85,"ELECTRICAL MACHINERY AND EQUIPMENT AND PARTS THEREOF; SOUND RECORDERS AND REPRODUCERS, TELEVISION IMAGE AND SOUND RECORDERS AND REPRODUCERS,AND PARTS.",9.86,AFGHANISTAN TIS,2014
86,"RAILWAY OR TRAMWAY LOCOMOTIVES, ROLLING-STOCK AND PARTS THEREOF; RAILWAY OR TRAMWAY TRACK FIXTURES AND FITTINGS AND PARTS THEREOF; MECHANICAL",0,AFGHANISTAN TIS,2014
87,"VEHICLES OTHER THAN RAILWAY OR TRAMWAY ROLLING STOCK, AND PARTS AND ACCESSORIES THEREOF.",4.19,AFGHANISTAN TIS,2014
88,"AIRCRAFT, SPACECRAFT, AND PARTS THEREOF.",0,AFGHANISTAN TIS,2014
90,"OPTICAL, PHOTOGRAPHIC CINEMATOGRAPHIC MEASURING, CHECKING PRECISION, MEDICAL OR SURGICAL INST. AND APPARATUS PARTS AND ACCESSORIES THEREOF;",5.32,AFGHANISTAN TIS,2014
91,CLOCKS AND WATCHES AND PARTS THEREOF.,0,AFGHANISTAN TIS,2014
92,MUSICAL INSTRUMENTS; PARTS AND ACCESSORIES OF SUCH ARTICLES.,0.05,AFGHANISTAN TIS,2014
93,ARMS AND AMMUNITION; PARTS AND ACCESSORIES THEREOF.,,AFGHANISTAN TIS,2014
94,"FURNITURE; BEDDING, MATTRESSES, MATTRESS SUPPORTS, CUSHIONS AND SIMILAR STUFFED FURNISHING; LAMPS AND LIGHTING FITTINGS NOT ELSEWHERE SPECIFIED OR INC",0.37,AFGHANISTAN TIS,2014
95,"TOYS, GAMES AND SPORTS REQUISITES; PARTS AND ACCESSORIES THEREOF.",1.22,AFGHANISTAN TIS,2014
96,MISCELLANEOUS MANUFACTURED ARTICLES.,1.07,AFGHANISTAN TIS,2014
97,WORKS OF ART COLLECTORS' PIECES AND ANTIQUES.,,AFGHANISTAN TIS,2014
98,PROJECT GOODS; SOME SPECIAL USES.,0,AFGHANISTAN TIS,2014
99,MISCELLANEOUS GOODS.,0.01,AFGHANISTAN TIS,2014
1,LIVE ANIMALS.,,AFGHANISTAN TIS,2015
2,MEAT AND EDIBLE MEAT OFFAL.,3,AFGHANISTAN TIS,2015
3,"FISH AND CRUSTACEANS, MOLLUSCS AND OTHER AQUATIC INVERTABRATES.",0.05,AFGHANISTAN TIS,2015
4,"DAIRY PRODUCE; BIRDS' EGGS; NATURAL HONEY; EDIBLE PROD. OF ANIMAL ORIGIN, NOT ELSEWHERE SPEC. OR INCLUDED.",7.23,AFGHANISTAN TIS,2015
6,LIVE TREES AND OTHER PLANTS; BULBS; ROOTS AND THE LIKE; CUT FLOWERS AND ORNAMENTAL FOLIAGE.,0.01,AFGHANISTAN TIS,2015
7,EDIBLE VEGETABLES AND CERTAIN ROOTS AND TUBERS.,0.01,AFGHANISTAN TIS,2015
8,EDIBLE FRUIT AND NUTS; PEEL OR CITRUS FRUIT OR MELONS.,0.18,AFGHANISTAN TIS,2015
9,"COFFEE, TEA, MATE AND SPICES.",2.17,AFGHANISTAN TIS,2015
10,CEREALS.,1.11,AFGHANISTAN TIS,2015
11,PRODUCTS OF THE MILLING INDUSTRY; MALT; STARCHES; INULIN; WHEAT GLUTEN.,0.04,AFGHANISTAN TIS,2015
12,"OIL SEEDS AND OLEA. FRUITS; MISC. GRAINS, SEEDS AND FRUIT; INDUSTRIAL OR MEDICINAL PLANTS; STRAW AND FODDER.",0.87,AFGHANISTAN TIS,2015
14,VEGETABLE PLAITING MATERIALS; VEGETABLE PRODUCTS NOT ELSEWHERE SPECIFIED OR INCLUDED.,0.02,AFGHANISTAN TIS,2015
15,ANIMAL OR VEGETABLE FATS AND OILS AND THEIR CLEAVAGE PRODUCTS; PRE. EDIBLE FATS; ANIMAL OR VEGETABLE WAXEX.,0,AFGHANISTAN TIS,2015
16,"PREPARATIONS OF MEAT, OF FISH OR OF CRUSTACEANS, MOLLUSCS OR OTHER AQUATIC INVERTEBRATES",,AFGHANISTAN TIS,2015
17,SUGARS AND SUGAR CONFECTIONERY.,17.94,AFGHANISTAN TIS,2015
19,"PREPARATIONS OF CEREALS, FLOUR, STARCH OR MILK; PASTRYCOOKS PRODUCTS.",1.49,AFGHANISTAN TIS,2015
20,"PREPARATIONS OF VEGETABLES, FRUIT, NUTS OR OTHER PARTS OF PLANTS.",1.03,AFGHANISTAN TIS,2015
21,MISCELLANEOUS EDIBLE PREPARATIONS.,1.23,AFGHANISTAN TIS,2015
22,"BEVERAGES, SPIRITS AND VINEGAR.",0.06,AFGHANISTAN TIS,2015
23,RESIDUES AND WASTE FROM THE FOOD INDUSTRIES; PREPARED ANIMAL FODER.,0.05,AFGHANISTAN TIS,2015
24,TOBACCO AND MANUFACTURED TOBACCO SUBSTITUTES.,37.61,AFGHANISTAN TIS,2015
25,"SALT; SULPHUR; EARTHS AND STONE; PLASTERING MATERIALS, LIME AND CEMENT.",0.05,AFGHANISTAN TIS,2015
27,"MINERAL FUELS, MINERAL OILS AND PRODUCTS OF THEIR DISTILLATION; BITUMINOUS SUBSTANCES; MINERAL WAXES.",0.81,AFGHANISTAN TIS,2015
28,"INORGANIC CHEMICALS; ORGANIC OR INORGANIC COMPOUNDS OF PRECIOUS METALS, OF RARE-EARTH METALS, OR RADI. ELEM. OR OF ISOTOPES.",0.3,AFGHANISTAN TIS,2015
29,ORGANIC CHEMICALS,2.2,AFGHANISTAN TIS,2015
30,PHARMACEUTICAL PRODUCTS,46.79,AFGHANISTAN TIS,2015
31,FERTILISERS.,0,AFGHANISTAN TIS,2015
32,"TANNING OR DYEING EXTRACTS; TANNINS AND THEIR DERI. DYES, PIGMENTS AND OTHER COLOURING MATTER; PAINTS AND VER; PUTTY AND OTHER MASTICS; INKS.",0.1,AFGHANISTAN TIS,2015
33,"ESSENTIAL OILS AND RESINOIDS; PERFUMERY, COSMETIC OR TOILET PREPARATIONS.",3.59,AFGHANISTAN TIS,2015
34,"SOAP, ORGANIC SURFACE-ACTIVE AGENTS, WASHING PREPARATIONS, LUBRICATING PREPARATIONS, ARTIFICIAL WAXES, PREPARED WAXES, POLISHING OR SCOURING PREP.",0.53,AFGHANISTAN TIS,2015
35,ALBUMINOIDAL SUBSTANCES; MODIFIED STARCHES; GLUES; ENZYMES.,0,AFGHANISTAN TIS,2015
36,EXPLOSIVES; PYROTECHNIC PRODUCTS; MATCHES; PYROPHORIC ALLOYS; CERTAIN COMBUSTIBLE PREPARATIONS.,,AFGHANISTAN TIS,2015
37,PHOTOGRAPHIC OR CINEMATOGRAPHIC GOODS.,0,AFGHANISTAN TIS,2015
38,MISCELLANEOUS CHEMICAL PRODUCTS.,0.46,AFGHANISTAN TIS,2015
39,PLASTIC AND ARTICLES THEREOF.,2.76,AFGHANISTAN TIS,2015
40,RUBBER AND ARTICLES THEREOF.,4.3,AFGHANISTAN TIS,2015
41,RAW HIDES AND SKINS (OTHER THAN FURSKINS) AND LEATHER,0,AFGHANISTAN TIS,2015
42,"ARTICLES OF LEATHER,SADDLERY AND HARNESS;TRAVEL GOODS, HANDBAGS AND SIMILAR CONT.ARTICLES OF ANIMAL GUT(OTHR THN SILK-WRM)GUT.",0.29,AFGHANISTAN TIS,2015
44,WOOD AND ARTICLES OF WOOD; WOOD CHARCOAL.,0.14,AFGHANISTAN TIS,2015
48,"PAPER AND PAPERBOARD; ARTICLES OF PAPER PULP, OF PAPER OR OF PAPERBOARD.",0.17,AFGHANISTAN TIS,2015
49,"PRINTED BOOKDS, NEWSPAPERS, PICTURES AND OTHER PRODUCTS OF THE PRINTING INDUSTRY; MANUSCRIPTS, TYPESCRIPTS AND PLANS.",6.05,AFGHANISTAN TIS,2015
50,SILK,0.89,AFGHANISTAN TIS,2015
51,"WOOL, FINE OR COARSE ANIMAL HAIR, HORSEHAIR YARN AND WOVEN FABRIC.",0,AFGHANISTAN TIS,2015
52,COTTON.,1.5,AFGHANISTAN TIS,2015
54,MAN-MADE FILAMENTS.,72.44,AFGHANISTAN TIS,2015
55,MAN-MADE STAPLE FIBRES.,38.98,AFGHANISTAN TIS,2015
56,"WADDING, FELT AND NONWOVENS; SPACIAL YARNS; TWINE, CORDAGE, ROPES AND CABLES AND ARTICLES THEREOF.",0.08,AFGHANISTAN TIS,2015
57,CARPETS AND OTHER TEXTILE FLOOR COVERINGS.,0.3,AFGHANISTAN TIS,2015
58,SPECIAL WOVEN FABRICS; TUFTED TEXTILE FABRICS; LACE; TAPESTRIES; TRIMMINGS; EMBROIDERY.,3.42,AFGHANISTAN TIS,2015
59,"IMPREGNATED, COATED, COVERED OR LAMINATED TEXTILE FABRICS; TEXTILE ARTICLES OF A KIND SUITABLE FOR INDUSTRIAL USE.",0.56,AFGHANISTAN TIS,2015
60,KNITTED OR CROCHETED FABRICS.,0.04,AFGHANISTAN TIS,2015
61,"ARTICLES OF APPAREL AND CLOTHING ACCESSORIES, KNITTED OR CORCHETED.",67.3,AFGHANISTAN TIS,2015
62,"ARTICLES OF APPAREL AND CLOTHING ACCESSORIES, NOT KNITTED OR CROCHETED.",101.57,AFGHANISTAN TIS,2015
63,OTHER MADE UP TEXTILE ARTICLES; SETS; WORN CLOTHING AND WORN TEXTILE ARTICLES; RAGS,3.44,AFGHANISTAN TIS,2015
64,"FOOTWEAR, GAITERS AND THE LIKE; PARTS OF SUCH ARTICLES.",4.24,AFGHANISTAN TIS,2015
65,HEADGEAR AND PARTS THEREOF.,0,AFGHANISTAN TIS,2015
66,"UMBRELLAS, SUN UMBRELLAS, WALKING-STICKS, SEAT-STICKS, WHIPS,RIDING-CROPS AND PARTS THEREOF.",0,AFGHANISTAN TIS,2015
67,PREPARED FEATHERS AND DOWN AND ARTICLES MADE OF FEATHERS OR OF DOWN; ARTIFICIAL FLOWERS; ARTICLES OF HUMAN HAIR.,0.25,AFGHANISTAN TIS,2015
68,"ARTICLES OF STONE, PLASTER, CEMENT, ASBESTOS, MICA OR SIMILAR MATERIALS.",0.31,AFGHANISTAN TIS,2015
69,CERAMIC PRODUCTS.,0.04,AFGHANISTAN TIS,2015
70,GLASS AND GLASSWARE.,0.2,AFGHANISTAN TIS,2015
71,"NATURAL OR CULTURED PEARLS,PRECIOUS OR SEMIPRECIOUS STONES,PRE.METALS,CLAD WITH PRE.METAL AND ARTCLS THEREOF;IMIT.JEWLRY;COIN.",4.45,AFGHANISTAN TIS,2015
72,IRON AND STEEL,0.09,AFGHANISTAN TIS,2015
73,ARTICLES OF IRON OR STEEL,23.76,AFGHANISTAN TIS,2015
74,COPPER AND ARTICLES THEREOF.,1.97,AFGHANISTAN TIS,2015
75,NICKEL AND ARTICLES THEREOF.,,AFGHANISTAN TIS,2015
76,ALUMINIUM AND ARTICLES THEREOF.,8.86,AFGHANISTAN TIS,2015
81,OTHER BASE METALS; CERMETS; ARTICLES THEREOF.,,AFGHANISTAN TIS,2015
82,"TOOLS IMPLEMENTS, CUTLERY, SPOONS AND FORKS, OF BASE METAL; PARTS THEREOF OF BASE METAL.",1.38,AFGHANISTAN TIS,2015
83,MISCELLANEOUS ARTICLES OF BASE METAL.,0.39,AFGHANISTAN TIS,2015
84,"NUCLEAR REACTORS, BOILERS, MACHINERY AND MECHANICAL APPLIANCES; PARTS THEREOF.",8.45,AFGHANISTAN TIS,2015
85,"ELECTRICAL MACHINERY AND EQUIPMENT AND PARTS THEREOF; SOUND RECORDERS AND REPRODUCERS, TELEVISION IMAGE AND SOUND RECORDERS AND REPRODUCERS,AND PARTS.",11.25,AFGHANISTAN TIS,2015
86,"RAILWAY OR TRAMWAY LOCOMOTIVES, ROLLING-STOCK AND PARTS THEREOF; RAILWAY OR TRAMWAY TRACK FIXTURES AND FITTINGS AND PARTS THEREOF; MECHANICAL",0.07,AFGHANISTAN TIS,2015
87,"VEHICLES OTHER THAN RAILWAY OR TRAMWAY ROLLING STOCK, AND PARTS AND ACCESSORIES THEREOF.",6.56,AFGHANISTAN TIS,2015
88,"AIRCRAFT, SPACECRAFT, AND PARTS THEREOF.",10.95,AFGHANISTAN TIS,2015
90,"OPTICAL, PHOTOGRAPHIC CINEMATOGRAPHIC MEASURING, CHECKING PRECISION, MEDICAL OR SURGICAL INST. AND APPARATUS PARTS AND ACCESSORIES THEREOF;",7.01,AFGHANISTAN TIS,2015
91,CLOCKS AND WATCHES AND PARTS THEREOF.,0,AFGHANISTAN TIS,2015
92,MUSICAL INSTRUMENTS; PARTS AND ACCESSORIES OF SUCH ARTICLES.,0.01,AFGHANISTAN TIS,2015
93,ARMS AND AMMUNITION; PARTS AND ACCESSORIES THEREOF.,0.08,AFGHANISTAN TIS,2015
94,"FURNITURE; BEDDING, MATTRESSES, MATTRESS SUPPORTS, CUSHIONS AND SIMILAR STUFFED FURNISHING; LAMPS AND LIGHTING FITTINGS NOT ELSEWHERE SPECIFIED OR INC",1.82,AFGHANISTAN TIS,2015
95,"TOYS, GAMES AND SPORTS REQUISITES; PARTS AND ACCESSORIES THEREOF.",0.08,AFGHANISTAN TIS,2015
96,MISCELLANEOUS MANUFACTURED ARTICLES.,1.13,AFGHANISTAN TIS,2015
97,WORKS OF ART COLLECTORS' PIECES AND ANTIQUES.,0,AFGHANISTAN TIS,2015
98,PROJECT GOODS; SOME SPECIAL USES.,,AFGHANISTAN TIS,2015
99,MISCELLANEOUS GOODS.,0,AFGHANISTAN TIS,2015
2,MEAT AND EDIBLE MEAT OFFAL.,1.81,AFGHANISTAN TIS,2016
3,"FISH AND CRUSTACEANS, MOLLUSCS AND OTHER AQUATIC INVERTABRATES.",0.01,AFGHANISTAN TIS,2016
4,"DAIRY PRODUCE; BIRDS' EGGS; NATURAL HONEY; EDIBLE PROD. OF ANIMAL ORIGIN, NOT ELSEWHERE SPEC. OR INCLUDED.",7.34,AFGHANISTAN TIS,2016
5,"PRODUCTS OF ANIMAL ORIGIN, NOT ELSEWHERE SPECIFIED OR INCLUDED.",0.04,AFGHANISTAN TIS,2016
6,LIVE TREES AND OTHER PLANTS; BULBS; ROOTS AND THE LIKE; CUT FLOWERS AND ORNAMENTAL FOLIAGE.,0.01,AFGHANISTAN TIS,2016
7,EDIBLE VEGETABLES AND CERTAIN ROOTS AND TUBERS.,0,AFGHANISTAN TIS,2016
8,EDIBLE FRUIT AND NUTS; PEEL OR CITRUS FRUIT OR MELONS.,0.21,AFGHANISTAN TIS,2016
9,"COFFEE, TEA, MATE AND SPICES.",3.08,AFGHANISTAN TIS,2016
10,CEREALS.,0.28,AFGHANISTAN TIS,2016
11,PRODUCTS OF THE MILLING INDUSTRY; MALT; STARCHES; INULIN; WHEAT GLUTEN.,0.01,AFGHANISTAN TIS,2016
12,"OIL SEEDS AND OLEA. FRUITS; MISC. GRAINS, SEEDS AND FRUIT; INDUSTRIAL OR MEDICINAL PLANTS; STRAW AND FODDER.",1.78,AFGHANISTAN TIS,2016
13,"LAC; GUMS, RESINS AND OTHER VEGETABLE SAPS AND EXTRACTS.",0.02,AFGHANISTAN TIS,2016
14,VEGETABLE PLAITING MATERIALS; VEGETABLE PRODUCTS NOT ELSEWHERE SPECIFIED OR INCLUDED.,0.02,AFGHANISTAN TIS,2016
15,ANIMAL OR VEGETABLE FATS AND OILS AND THEIR CLEAVAGE PRODUCTS; PRE. EDIBLE FATS; ANIMAL OR VEGETABLE WAXEX.,0.05,AFGHANISTAN TIS,2016
17,SUGARS AND SUGAR CONFECTIONERY.,5.22,AFGHANISTAN TIS,2016
18,COCOA AND COCOA PREPARATIONS.,0.01,AFGHANISTAN TIS,2016
19,"PREPARATIONS OF CEREALS, FLOUR, STARCH OR MILK; PASTRYCOOKS PRODUCTS.",1.58,AFGHANISTAN TIS,2016
20,"PREPARATIONS OF VEGETABLES, FRUIT, NUTS OR OTHER PARTS OF PLANTS.",2.51,AFGHANISTAN TIS,2016
21,MISCELLANEOUS EDIBLE PREPARATIONS.,0.21,AFGHANISTAN TIS,2016
22,"BEVERAGES, SPIRITS AND VINEGAR.",0.03,AFGHANISTAN TIS,2016
23,RESIDUES AND WASTE FROM THE FOOD INDUSTRIES; PREPARED ANIMAL FODER.,0.06,AFGHANISTAN TIS,2016
24,TOBACCO AND MANUFACTURED TOBACCO SUBSTITUTES.,37.9,AFGHANISTAN TIS,2016
25,"SALT; SULPHUR; EARTHS AND STONE; PLASTERING MATERIALS, LIME AND CEMENT.",0.06,AFGHANISTAN TIS,2016
26,"ORES, SLAG AND ASH.",0,AFGHANISTAN TIS,2016
27,"MINERAL FUELS, MINERAL OILS AND PRODUCTS OF THEIR DISTILLATION; BITUMINOUS SUBSTANCES; MINERAL WAXES.",0.16,AFGHANISTAN TIS,2016
28,"INORGANIC CHEMICALS; ORGANIC OR INORGANIC COMPOUNDS OF PRECIOUS METALS, OF RARE-EARTH METALS, OR RADI. ELEM. OR OF ISOTOPES.",0.32,AFGHANISTAN TIS,2016
29,ORGANIC CHEMICALS,2.55,AFGHANISTAN TIS,2016
30,PHARMACEUTICAL PRODUCTS,65.31,AFGHANISTAN TIS,2016
31,FERTILISERS.,6.29,AFGHANISTAN TIS,2016
32,"TANNING OR DYEING EXTRACTS; TANNINS AND THEIR DERI. DYES, PIGMENTS AND OTHER COLOURING MATTER; PAINTS AND VER; PUTTY AND OTHER MASTICS; INKS.",0.06,AFGHANISTAN TIS,2016
33,"ESSENTIAL OILS AND RESINOIDS; PERFUMERY, COSMETIC OR TOILET PREPARATIONS.",3.46,AFGHANISTAN TIS,2016
34,"SOAP, ORGANIC SURFACE-ACTIVE AGENTS, WASHING PREPARATIONS, LUBRICATING PREPARATIONS, ARTIFICIAL WAXES, PREPARED WAXES, POLISHING OR SCOURING PREP.",0.39,AFGHANISTAN TIS,2016
35,ALBUMINOIDAL SUBSTANCES; MODIFIED STARCHES; GLUES; ENZYMES.,,AFGHANISTAN TIS,2016
36,EXPLOSIVES; PYROTECHNIC PRODUCTS; MATCHES; PYROPHORIC ALLOYS; CERTAIN COMBUSTIBLE PREPARATIONS.,0.02,AFGHANISTAN TIS,2016
37,PHOTOGRAPHIC OR CINEMATOGRAPHIC GOODS.,0,AFGHANISTAN TIS,2016
38,MISCELLANEOUS CHEMICAL PRODUCTS.,0.83,AFGHANISTAN TIS,2016
39,PLASTIC AND ARTICLES THEREOF.,2.17,AFGHANISTAN TIS,2016
40,RUBBER AND ARTICLES THEREOF.,5.65,AFGHANISTAN TIS,2016
41,RAW HIDES AND SKINS (OTHER THAN FURSKINS) AND LEATHER,0,AFGHANISTAN TIS,2016
42,"ARTICLES OF LEATHER,SADDLERY AND HARNESS;TRAVEL GOODS, HANDBAGS AND SIMILAR CONT.ARTICLES OF ANIMAL GUT(OTHR THN SILK-WRM)GUT.",0.71,AFGHANISTAN TIS,2016
44,WOOD AND ARTICLES OF WOOD; WOOD CHARCOAL.,0.11,AFGHANISTAN TIS,2016
48,"PAPER AND PAPERBOARD; ARTICLES OF PAPER PULP, OF PAPER OR OF PAPERBOARD.",0.62,AFGHANISTAN TIS,2016
49,"PRINTED BOOKDS, NEWSPAPERS, PICTURES AND OTHER PRODUCTS OF THE PRINTING INDUSTRY; MANUSCRIPTS, TYPESCRIPTS AND PLANS.",0.92,AFGHANISTAN TIS,2016
50,SILK,0.09,AFGHANISTAN TIS,2016
51,"WOOL, FINE OR COARSE ANIMAL HAIR, HORSEHAIR YARN AND WOVEN FABRIC.",,AFGHANISTAN TIS,2016
52,COTTON.,0.94,AFGHANISTAN TIS,2016
54,MAN-MADE FILAMENTS.,34.79,AFGHANISTAN TIS,2016
55,MAN-MADE STAPLE FIBRES.,43.07,AFGHANISTAN TIS,2016
56,"WADDING, FELT AND NONWOVENS; SPACIAL YARNS; TWINE, CORDAGE, ROPES AND CABLES AND ARTICLES THEREOF.",0.08,AFGHANISTAN TIS,2016
57,CARPETS AND OTHER TEXTILE FLOOR COVERINGS.,0.05,AFGHANISTAN TIS,2016
58,SPECIAL WOVEN FABRICS; TUFTED TEXTILE FABRICS; LACE; TAPESTRIES; TRIMMINGS; EMBROIDERY.,6.97,AFGHANISTAN TIS,2016
59,"IMPREGNATED, COATED, COVERED OR LAMINATED TEXTILE FABRICS; TEXTILE ARTICLES OF A KIND SUITABLE FOR INDUSTRIAL USE.",0.34,AFGHANISTAN TIS,2016
60,KNITTED OR CROCHETED FABRICS.,0.05,AFGHANISTAN TIS,2016
61,"ARTICLES OF APPAREL AND CLOTHING ACCESSORIES, KNITTED OR CORCHETED.",77.93,AFGHANISTAN TIS,2016
62,"ARTICLES OF APPAREL AND CLOTHING ACCESSORIES, NOT KNITTED OR CROCHETED.",100.34,AFGHANISTAN TIS,2016
63,OTHER MADE UP TEXTILE ARTICLES; SETS; WORN CLOTHING AND WORN TEXTILE ARTICLES; RAGS,5.19,AFGHANISTAN TIS,2016
64,"FOOTWEAR, GAITERS AND THE LIKE; PARTS OF SUCH ARTICLES.",16.65,AFGHANISTAN TIS,2016
65,HEADGEAR AND PARTS THEREOF.,0.02,AFGHANISTAN TIS,2016
66,"UMBRELLAS, SUN UMBRELLAS, WALKING-STICKS, SEAT-STICKS, WHIPS,RIDING-CROPS AND PARTS THEREOF.",,AFGHANISTAN TIS,2016
67,PREPARED FEATHERS AND DOWN AND ARTICLES MADE OF FEATHERS OR OF DOWN; ARTIFICIAL FLOWERS; ARTICLES OF HUMAN HAIR.,0,AFGHANISTAN TIS,2016
68,"ARTICLES OF STONE, PLASTER, CEMENT, ASBESTOS, MICA OR SIMILAR MATERIALS.",0.42,AFGHANISTAN TIS,2016
69,CERAMIC PRODUCTS.,0.08,AFGHANISTAN TIS,2016
70,GLASS AND GLASSWARE.,0.83,AFGHANISTAN TIS,2016
71,"NATURAL OR CULTURED PEARLS,PRECIOUS OR SEMIPRECIOUS STONES,PRE.METALS,CLAD WITH PRE.METAL AND ARTCLS THEREOF;IMIT.JEWLRY;COIN.",4.24,AFGHANISTAN TIS,2016
72,IRON AND STEEL,0.11,AFGHANISTAN TIS,2016
73,ARTICLES OF IRON OR STEEL,1,AFGHANISTAN TIS,2016
74,COPPER AND ARTICLES THEREOF.,5.77,AFGHANISTAN TIS,2016
76,ALUMINIUM AND ARTICLES THEREOF.,9.4,AFGHANISTAN TIS,2016
82,"TOOLS IMPLEMENTS, CUTLERY, SPOONS AND FORKS, OF BASE METAL; PARTS THEREOF OF BASE METAL.",0.88,AFGHANISTAN TIS,2016
83,MISCELLANEOUS ARTICLES OF BASE METAL.,0.59,AFGHANISTAN TIS,2016
84,"NUCLEAR REACTORS, BOILERS, MACHINERY AND MECHANICAL APPLIANCES; PARTS THEREOF.",9.03,AFGHANISTAN TIS,2016
85,"ELECTRICAL MACHINERY AND EQUIPMENT AND PARTS THEREOF; SOUND RECORDERS AND REPRODUCERS, TELEVISION IMAGE AND SOUND RECORDERS AND REPRODUCERS,AND PARTS.",10.14,AFGHANISTAN TIS,2016
86,"RAILWAY OR TRAMWAY LOCOMOTIVES, ROLLING-STOCK AND PARTS THEREOF; RAILWAY OR TRAMWAY TRACK FIXTURES AND FITTINGS AND PARTS THEREOF; MECHANICAL",0,AFGHANISTAN TIS,2016
87,"VEHICLES OTHER THAN RAILWAY OR TRAMWAY ROLLING STOCK, AND PARTS AND ACCESSORIES THEREOF.",6.21,AFGHANISTAN TIS,2016
88,"AIRCRAFT, SPACECRAFT, AND PARTS THEREOF.",0,AFGHANISTAN TIS,2016
90,"OPTICAL, PHOTOGRAPHIC CINEMATOGRAPHIC MEASURING, CHECKING PRECISION, MEDICAL OR SURGICAL INST. AND APPARATUS PARTS AND ACCESSORIES THEREOF;",6.34,AFGHANISTAN TIS,2016
91,CLOCKS AND WATCHES AND PARTS THEREOF.,0.01,AFGHANISTAN TIS,2016
92,MUSICAL INSTRUMENTS; PARTS AND ACCESSORIES OF SUCH ARTICLES.,0.04,AFGHANISTAN TIS,2016
93,ARMS AND AMMUNITION; PARTS AND ACCESSORIES THEREOF.,0.05,AFGHANISTAN TIS,2016
94,"FURNITURE; BEDDING, MATTRESSES, MATTRESS SUPPORTS, CUSHIONS AND SIMILAR STUFFED FURNISHING; LAMPS AND LIGHTING FITTINGS NOT ELSEWHERE SPECIFIED OR INC",0.13,AFGHANISTAN TIS,2016
95,"TOYS, GAMES AND SPORTS REQUISITES; PARTS AND ACCESSORIES THEREOF.",0.05,AFGHANISTAN TIS,2016
96,MISCELLANEOUS MANUFACTURED ARTICLES.,1.21,AFGHANISTAN TIS,2016
97,WORKS OF ART COLLECTORS' PIECES AND ANTIQUES.,0,AFGHANISTAN TIS,2016
98,PROJECT GOODS; SOME SPECIAL USES.,11.38,AFGHANISTAN TIS,2016
99,MISCELLANEOUS GOODS.,0.03,AFGHANISTAN TIS,2016
2,MEAT AND EDIBLE MEAT OFFAL.,0.8,AFGHANISTAN TIS,2017
3,"FISH AND CRUSTACEANS, MOLLUSCS AND OTHER AQUATIC INVERTABRATES.",0,AFGHANISTAN TIS,2017
4,"DAIRY PRODUCE; BIRDS' EGGS; NATURAL HONEY; EDIBLE PROD. OF ANIMAL ORIGIN, NOT ELSEWHERE SPEC. OR INCLUDED.",14.58,AFGHANISTAN TIS,2017
5,"PRODUCTS OF ANIMAL ORIGIN, NOT ELSEWHERE SPECIFIED OR INCLUDED.",,AFGHANISTAN TIS,2017
6,LIVE TREES AND OTHER PLANTS; BULBS; ROOTS AND THE LIKE; CUT FLOWERS AND ORNAMENTAL FOLIAGE.,0,AFGHANISTAN TIS,2017
7,EDIBLE VEGETABLES AND CERTAIN ROOTS AND TUBERS.,0.01,AFGHANISTAN TIS,2017
8,EDIBLE FRUIT AND NUTS; PEEL OR CITRUS FRUIT OR MELONS.,5.88,AFGHANISTAN TIS,2017
9,"COFFEE, TEA, MATE AND SPICES.",4.06,AFGHANISTAN TIS,2017
10,CEREALS.,40.75,AFGHANISTAN TIS,2017
11,PRODUCTS OF THE MILLING INDUSTRY; MALT; STARCHES; INULIN; WHEAT GLUTEN.,0.01,AFGHANISTAN TIS,2017
12,"OIL SEEDS AND OLEA. FRUITS; MISC. GRAINS, SEEDS AND FRUIT; INDUSTRIAL OR MEDICINAL PLANTS; STRAW AND FODDER.",5.49,AFGHANISTAN TIS,2017
13,"LAC; GUMS, RESINS AND OTHER VEGETABLE SAPS AND EXTRACTS.",0.04,AFGHANISTAN TIS,2017
14,VEGETABLE PLAITING MATERIALS; VEGETABLE PRODUCTS NOT ELSEWHERE SPECIFIED OR INCLUDED.,0.08,AFGHANISTAN TIS,2017
15,ANIMAL OR VEGETABLE FATS AND OILS AND THEIR CLEAVAGE PRODUCTS; PRE. EDIBLE FATS; ANIMAL OR VEGETABLE WAXEX.,0.59,AFGHANISTAN TIS,2017
17,SUGARS AND SUGAR CONFECTIONERY.,0.45,AFGHANISTAN TIS,2017
18,COCOA AND COCOA PREPARATIONS.,0,AFGHANISTAN TIS,2017
19,"PREPARATIONS OF CEREALS, FLOUR, STARCH OR MILK; PASTRYCOOKS PRODUCTS.",1.22,AFGHANISTAN TIS,2017
20,"PREPARATIONS OF VEGETABLES, FRUIT, NUTS OR OTHER PARTS OF PLANTS.",3.85,AFGHANISTAN TIS,2017
21,MISCELLANEOUS EDIBLE PREPARATIONS.,6.25,AFGHANISTAN TIS,2017
22,"BEVERAGES, SPIRITS AND VINEGAR.",,AFGHANISTAN TIS,2017
23,RESIDUES AND WASTE FROM THE FOOD INDUSTRIES; PREPARED ANIMAL FODER.,0.14,AFGHANISTAN TIS,2017
24,TOBACCO AND MANUFACTURED TOBACCO SUBSTITUTES.,56.56,AFGHANISTAN TIS,2017
25,"SALT; SULPHUR; EARTHS AND STONE; PLASTERING MATERIALS, LIME AND CEMENT.",0.04,AFGHANISTAN TIS,2017
26,"ORES, SLAG AND ASH.",,AFGHANISTAN TIS,2017
27,"MINERAL FUELS, MINERAL OILS AND PRODUCTS OF THEIR DISTILLATION; BITUMINOUS SUBSTANCES; MINERAL WAXES.",0.44,AFGHANISTAN TIS,2017
28,"INORGANIC CHEMICALS; ORGANIC OR INORGANIC COMPOUNDS OF PRECIOUS METALS, OF RARE-EARTH METALS, OR RADI. ELEM. OR OF ISOTOPES.",0.31,AFGHANISTAN TIS,2017
29,ORGANIC CHEMICALS,7.45,AFGHANISTAN TIS,2017
30,PHARMACEUTICAL PRODUCTS,84.84,AFGHANISTAN TIS,2017
31,FERTILISERS.,,AFGHANISTAN TIS,2017
32,"TANNING OR DYEING EXTRACTS; TANNINS AND THEIR DERI. DYES, PIGMENTS AND OTHER COLOURING MATTER; PAINTS AND VER; PUTTY AND OTHER MASTICS; INKS.",0.21,AFGHANISTAN TIS,2017
33,"ESSENTIAL OILS AND RESINOIDS; PERFUMERY, COSMETIC OR TOILET PREPARATIONS.",4.55,AFGHANISTAN TIS,2017
34,"SOAP, ORGANIC SURFACE-ACTIVE AGENTS, WASHING PREPARATIONS, LUBRICATING PREPARATIONS, ARTIFICIAL WAXES, PREPARED WAXES, POLISHING OR SCOURING PREP.",0.39,AFGHANISTAN TIS,2017
35,ALBUMINOIDAL SUBSTANCES; MODIFIED STARCHES; GLUES; ENZYMES.,0.01,AFGHANISTAN TIS,2017
36,EXPLOSIVES; PYROTECHNIC PRODUCTS; MATCHES; PYROPHORIC ALLOYS; CERTAIN COMBUSTIBLE PREPARATIONS.,0.09,AFGHANISTAN TIS,2017
37,PHOTOGRAPHIC OR CINEMATOGRAPHIC GOODS.,,AFGHANISTAN TIS,2017
38,MISCELLANEOUS CHEMICAL PRODUCTS.,1.16,AFGHANISTAN TIS,2017
39,PLASTIC AND ARTICLES THEREOF.,1.83,AFGHANISTAN TIS,2017
40,RUBBER AND ARTICLES THEREOF.,6.31,AFGHANISTAN TIS,2017
41,RAW HIDES AND SKINS (OTHER THAN FURSKINS) AND LEATHER,,AFGHANISTAN TIS,2017
42,"ARTICLES OF LEATHER,SADDLERY AND HARNESS;TRAVEL GOODS, HANDBAGS AND SIMILAR CONT.ARTICLES OF ANIMAL GUT(OTHR THN SILK-WRM)GUT.",0.28,AFGHANISTAN TIS,2017
44,WOOD AND ARTICLES OF WOOD; WOOD CHARCOAL.,0.12,AFGHANISTAN TIS,2017
48,"PAPER AND PAPERBOARD; ARTICLES OF PAPER PULP, OF PAPER OR OF PAPERBOARD.",2.84,AFGHANISTAN TIS,2017
49,"PRINTED BOOKDS, NEWSPAPERS, PICTURES AND OTHER PRODUCTS OF THE PRINTING INDUSTRY; MANUSCRIPTS, TYPESCRIPTS AND PLANS.",0.6,AFGHANISTAN TIS,2017
50,SILK,0.39,AFGHANISTAN TIS,2017
52,COTTON.,2.2,AFGHANISTAN TIS,2017
54,MAN-MADE FILAMENTS.,47.11,AFGHANISTAN TIS,2017
55,MAN-MADE STAPLE FIBRES.,46.09,AFGHANISTAN TIS,2017
56,"WADDING, FELT AND NONWOVENS; SPACIAL YARNS; TWINE, CORDAGE, ROPES AND CABLES AND ARTICLES THEREOF.",0.2,AFGHANISTAN TIS,2017
57,CARPETS AND OTHER TEXTILE FLOOR COVERINGS.,0,AFGHANISTAN TIS,2017
58,SPECIAL WOVEN FABRICS; TUFTED TEXTILE FABRICS; LACE; TAPESTRIES; TRIMMINGS; EMBROIDERY.,1.88,AFGHANISTAN TIS,2017
59,"IMPREGNATED, COATED, COVERED OR LAMINATED TEXTILE FABRICS; TEXTILE ARTICLES OF A KIND SUITABLE FOR INDUSTRIAL USE.",0.06,AFGHANISTAN TIS,2017
60,KNITTED OR CROCHETED FABRICS.,0.07,AFGHANISTAN TIS,2017
61,"ARTICLES OF APPAREL AND CLOTHING ACCESSORIES, KNITTED OR CORCHETED.",56.19,AFGHANISTAN TIS,2017
62,"ARTICLES OF APPAREL AND CLOTHING ACCESSORIES, NOT KNITTED OR CROCHETED.",109.1,AFGHANISTAN TIS,2017
63,OTHER MADE UP TEXTILE ARTICLES; SETS; WORN CLOTHING AND WORN TEXTILE ARTICLES; RAGS,12.32,AFGHANISTAN TIS,2017
64,"FOOTWEAR, GAITERS AND THE LIKE; PARTS OF SUCH ARTICLES.",27.9,AFGHANISTAN TIS,2017
65,HEADGEAR AND PARTS THEREOF.,0.01,AFGHANISTAN TIS,2017
66,"UMBRELLAS, SUN UMBRELLAS, WALKING-STICKS, SEAT-STICKS, WHIPS,RIDING-CROPS AND PARTS THEREOF.",0,AFGHANISTAN TIS,2017
67,PREPARED FEATHERS AND DOWN AND ARTICLES MADE OF FEATHERS OR OF DOWN; ARTIFICIAL FLOWERS; ARTICLES OF HUMAN HAIR.,0,AFGHANISTAN TIS,2017
68,"ARTICLES OF STONE, PLASTER, CEMENT, ASBESTOS, MICA OR SIMILAR MATERIALS.",0.09,AFGHANISTAN TIS,2017
69,CERAMIC PRODUCTS.,0.18,AFGHANISTAN TIS,2017
70,GLASS AND GLASSWARE.,1.55,AFGHANISTAN TIS,2017
71,"NATURAL OR CULTURED PEARLS,PRECIOUS OR SEMIPRECIOUS STONES,PRE.METALS,CLAD WITH PRE.METAL AND ARTCLS THEREOF;IMIT.JEWLRY;COIN.",4.29,AFGHANISTAN TIS,2017
72,IRON AND STEEL,0.46,AFGHANISTAN TIS,2017
73,ARTICLES OF IRON OR STEEL,60.72,AFGHANISTAN TIS,2017
74,COPPER AND ARTICLES THEREOF.,0.72,AFGHANISTAN TIS,2017
76,ALUMINIUM AND ARTICLES THEREOF.,40.56,AFGHANISTAN TIS,2017
79,ZINC AND ARTICLES THEREOF.,0,AFGHANISTAN TIS,2017
81,OTHER BASE METALS; CERMETS; ARTICLES THEREOF.,0,AFGHANISTAN TIS,2017
82,"TOOLS IMPLEMENTS, CUTLERY, SPOONS AND FORKS, OF BASE METAL; PARTS THEREOF OF BASE METAL.",0.62,AFGHANISTAN TIS,2017
83,MISCELLANEOUS ARTICLES OF BASE METAL.,0.74,AFGHANISTAN TIS,2017
84,"NUCLEAR REACTORS, BOILERS, MACHINERY AND MECHANICAL APPLIANCES; PARTS THEREOF.",8.59,AFGHANISTAN TIS,2017
85,"ELECTRICAL MACHINERY AND EQUIPMENT AND PARTS THEREOF; SOUND RECORDERS AND REPRODUCERS, TELEVISION IMAGE AND SOUND RECORDERS AND REPRODUCERS,AND PARTS.",18.45,AFGHANISTAN TIS,2017
86,"RAILWAY OR TRAMWAY LOCOMOTIVES, ROLLING-STOCK AND PARTS THEREOF; RAILWAY OR TRAMWAY TRACK FIXTURES AND FITTINGS AND PARTS THEREOF; MECHANICAL",0.04,AFGHANISTAN TIS,2017
87,"VEHICLES OTHER THAN RAILWAY OR TRAMWAY ROLLING STOCK, AND PARTS AND ACCESSORIES THEREOF.",9.97,AFGHANISTAN TIS,2017
88,"AIRCRAFT, SPACECRAFT, AND PARTS THEREOF.",,AFGHANISTAN TIS,2017
90,"OPTICAL, PHOTOGRAPHIC CINEMATOGRAPHIC MEASURING, CHECKING PRECISION, MEDICAL OR SURGICAL INST. AND APPARATUS PARTS AND ACCESSORIES THEREOF;",4.89,AFGHANISTAN TIS,2017
91,CLOCKS AND WATCHES AND PARTS THEREOF.,0.01,AFGHANISTAN TIS,2017
92,MUSICAL INSTRUMENTS; PARTS AND ACCESSORIES OF SUCH ARTICLES.,0.02,AFGHANISTAN TIS,2017
93,ARMS AND AMMUNITION; PARTS AND ACCESSORIES THEREOF.,,AFGHANISTAN TIS,2017
94,"FURNITURE; BEDDING, MATTRESSES, MATTRESS SUPPORTS, CUSHIONS AND SIMILAR STUFFED FURNISHING; LAMPS AND LIGHTING FITTINGS NOT ELSEWHERE SPECIFIED OR INC",0.09,AFGHANISTAN TIS,2017
95,"TOYS, GAMES AND SPORTS REQUISITES; PARTS AND ACCESSORIES THEREOF.",0.04,AFGHANISTAN TIS,2017
96,MISCELLANEOUS MANUFACTURED ARTICLES.,1.87,AFGHANISTAN TIS,2017
97,WORKS OF ART COLLECTORS' PIECES AND ANTIQUES.,,AFGHANISTAN TIS,2017
98,PROJECT GOODS; SOME SPECIAL USES.,0.01,AFGHANISTAN TIS,2017
99,MISCELLANEOUS GOODS.,0,AFGHANISTAN TIS,2017
2,MEAT AND EDIBLE MEAT OFFAL.,0.18,AFGHANISTAN TIS,2018
3,"FISH AND CRUSTACEANS, MOLLUSCS AND OTHER AQUATIC INVERTABRATES.",0,AFGHANISTAN TIS,2018
4,"DAIRY PRODUCE; BIRDS' EGGS; NATURAL HONEY; EDIBLE PROD. OF ANIMAL ORIGIN, NOT ELSEWHERE SPEC. OR INCLUDED.",12.48,AFGHANISTAN TIS,2018
6,LIVE TREES AND OTHER PLANTS; BULBS; ROOTS AND THE LIKE; CUT FLOWERS AND ORNAMENTAL FOLIAGE.,0,AFGHANISTAN TIS,2018
7,EDIBLE VEGETABLES AND CERTAIN ROOTS AND TUBERS.,1.89,AFGHANISTAN TIS,2018
8,EDIBLE FRUIT AND NUTS; PEEL OR CITRUS FRUIT OR MELONS.,25.01,AFGHANISTAN TIS,2018
9,"COFFEE, TEA, MATE AND SPICES.",13.75,AFGHANISTAN TIS,2018
10,CEREALS.,0.75,AFGHANISTAN TIS,2018
11,PRODUCTS OF THE MILLING INDUSTRY; MALT; STARCHES; INULIN; WHEAT GLUTEN.,0.01,AFGHANISTAN TIS,2018
12,"OIL SEEDS AND OLEA. FRUITS; MISC. GRAINS, SEEDS AND FRUIT; INDUSTRIAL OR MEDICINAL PLANTS; STRAW AND FODDER.",10.02,AFGHANISTAN TIS,2018
13,"LAC; GUMS, RESINS AND OTHER VEGETABLE SAPS AND EXTRACTS.",0.04,AFGHANISTAN TIS,2018
14,VEGETABLE PLAITING MATERIALS; VEGETABLE PRODUCTS NOT ELSEWHERE SPECIFIED OR INCLUDED.,,AFGHANISTAN TIS,2018
15,ANIMAL OR VEGETABLE FATS AND OILS AND THEIR CLEAVAGE PRODUCTS; PRE. EDIBLE FATS; ANIMAL OR VEGETABLE WAXEX.,0.37,AFGHANISTAN TIS,2018
17,SUGARS AND SUGAR CONFECTIONERY.,15.92,AFGHANISTAN TIS,2018
18,COCOA AND COCOA PREPARATIONS.,0,AFGHANISTAN TIS,2018
19,"PREPARATIONS OF CEREALS, FLOUR, STARCH OR MILK; PASTRYCOOKS PRODUCTS.",0.63,AFGHANISTAN TIS,2018
20,"PREPARATIONS OF VEGETABLES, FRUIT, NUTS OR OTHER PARTS OF PLANTS.",5.04,AFGHANISTAN TIS,2018
21,MISCELLANEOUS EDIBLE PREPARATIONS.,3.08,AFGHANISTAN TIS,2018
22,"BEVERAGES, SPIRITS AND VINEGAR.",0.01,AFGHANISTAN TIS,2018
23,RESIDUES AND WASTE FROM THE FOOD INDUSTRIES; PREPARED ANIMAL FODER.,0.22,AFGHANISTAN TIS,2018
24,TOBACCO AND MANUFACTURED TOBACCO SUBSTITUTES.,91.22,AFGHANISTAN TIS,2018
25,"SALT; SULPHUR; EARTHS AND STONE; PLASTERING MATERIALS, LIME AND CEMENT.",0.02,AFGHANISTAN TIS,2018
27,"MINERAL FUELS, MINERAL OILS AND PRODUCTS OF THEIR DISTILLATION; BITUMINOUS SUBSTANCES; MINERAL WAXES.",0.59,AFGHANISTAN TIS,2018
28,"INORGANIC CHEMICALS; ORGANIC OR INORGANIC COMPOUNDS OF PRECIOUS METALS, OF RARE-EARTH METALS, OR RADI. ELEM. OR OF ISOTOPES.",1.08,AFGHANISTAN TIS,2018
29,ORGANIC CHEMICALS,7.15,AFGHANISTAN TIS,2018
30,PHARMACEUTICAL PRODUCTS,80.27,AFGHANISTAN TIS,2018
31,FERTILISERS.,0,AFGHANISTAN TIS,2018
32,"TANNING OR DYEING EXTRACTS; TANNINS AND THEIR DERI. DYES, PIGMENTS AND OTHER COLOURING MATTER; PAINTS AND VER; PUTTY AND OTHER MASTICS; INKS.",0.21,AFGHANISTAN TIS,2018
33,"ESSENTIAL OILS AND RESINOIDS; PERFUMERY, COSMETIC OR TOILET PREPARATIONS.",5.63,AFGHANISTAN TIS,2018
34,"SOAP, ORGANIC SURFACE-ACTIVE AGENTS, WASHING PREPARATIONS, LUBRICATING PREPARATIONS, ARTIFICIAL WAXES, PREPARED WAXES, POLISHING OR SCOURING PREP.",0.32,AFGHANISTAN TIS,2018
35,ALBUMINOIDAL SUBSTANCES; MODIFIED STARCHES; GLUES; ENZYMES.,0.04,AFGHANISTAN TIS,2018
36,EXPLOSIVES; PYROTECHNIC PRODUCTS; MATCHES; PYROPHORIC ALLOYS; CERTAIN COMBUSTIBLE PREPARATIONS.,0.01,AFGHANISTAN TIS,2018
37,PHOTOGRAPHIC OR CINEMATOGRAPHIC GOODS.,0,AFGHANISTAN TIS,2018
38,MISCELLANEOUS CHEMICAL PRODUCTS.,1.31,AFGHANISTAN TIS,2018
39,PLASTIC AND ARTICLES THEREOF.,2.35,AFGHANISTAN TIS,2018
40,RUBBER AND ARTICLES THEREOF.,8.32,AFGHANISTAN TIS,2018
41,RAW HIDES AND SKINS (OTHER THAN FURSKINS) AND LEATHER,,AFGHANISTAN TIS,2018
42,"ARTICLES OF LEATHER,SADDLERY AND HARNESS;TRAVEL GOODS, HANDBAGS AND SIMILAR CONT.ARTICLES OF ANIMAL GUT(OTHR THN SILK-WRM)GUT.",0.19,AFGHANISTAN TIS,2018
44,WOOD AND ARTICLES OF WOOD; WOOD CHARCOAL.,0.01,AFGHANISTAN TIS,2018
47,PULP OF WOOD OR OF OTHER FIBROUS CELLULOSIC MATERIAL; WASTE AND SCRAP OF PAPER OR PAPERBOARD.,0,AFGHANISTAN TIS,2018
48,"PAPER AND PAPERBOARD; ARTICLES OF PAPER PULP, OF PAPER OR OF PAPERBOARD.",2.48,AFGHANISTAN TIS,2018
49,"PRINTED BOOKDS, NEWSPAPERS, PICTURES AND OTHER PRODUCTS OF THE PRINTING INDUSTRY; MANUSCRIPTS, TYPESCRIPTS AND PLANS.",0.71,AFGHANISTAN TIS,2018
50,SILK,0.23,AFGHANISTAN TIS,2018
52,COTTON.,2.38,AFGHANISTAN TIS,2018
53,OTHER VEGETABLE TEXTILE FIBRES; PAPER YARN AND WOVEN FABRICS OF PAPER YARN.,,AFGHANISTAN TIS,2018
54,MAN-MADE FILAMENTS.,46.97,AFGHANISTAN TIS,2018
55,MAN-MADE STAPLE FIBRES.,39.19,AFGHANISTAN TIS,2018
56,"WADDING, FELT AND NONWOVENS; SPACIAL YARNS; TWINE, CORDAGE, ROPES AND CABLES AND ARTICLES THEREOF.",0.07,AFGHANISTAN TIS,2018
57,CARPETS AND OTHER TEXTILE FLOOR COVERINGS.,0.03,AFGHANISTAN TIS,2018
58,SPECIAL WOVEN FABRICS; TUFTED TEXTILE FABRICS; LACE; TAPESTRIES; TRIMMINGS; EMBROIDERY.,1.74,AFGHANISTAN TIS,2018
59,"IMPREGNATED, COATED, COVERED OR LAMINATED TEXTILE FABRICS; TEXTILE ARTICLES OF A KIND SUITABLE FOR INDUSTRIAL USE.",0.07,AFGHANISTAN TIS,2018
60,KNITTED OR CROCHETED FABRICS.,3.21,AFGHANISTAN TIS,2018
61,"ARTICLES OF APPAREL AND CLOTHING ACCESSORIES, KNITTED OR CORCHETED.",43.18,AFGHANISTAN TIS,2018
62,"ARTICLES OF APPAREL AND CLOTHING ACCESSORIES, NOT KNITTED OR CROCHETED.",89.25,AFGHANISTAN TIS,2018
63,OTHER MADE UP TEXTILE ARTICLES; SETS; WORN CLOTHING AND WORN TEXTILE ARTICLES; RAGS,21.08,AFGHANISTAN TIS,2018
64,"FOOTWEAR, GAITERS AND THE LIKE; PARTS OF SUCH ARTICLES.",18.35,AFGHANISTAN TIS,2018
65,HEADGEAR AND PARTS THEREOF.,0,AFGHANISTAN TIS,2018
66,"UMBRELLAS, SUN UMBRELLAS, WALKING-STICKS, SEAT-STICKS, WHIPS,RIDING-CROPS AND PARTS THEREOF.",,AFGHANISTAN TIS,2018
67,PREPARED FEATHERS AND DOWN AND ARTICLES MADE OF FEATHERS OR OF DOWN; ARTIFICIAL FLOWERS; ARTICLES OF HUMAN HAIR.,0.01,AFGHANISTAN TIS,2018
68,"ARTICLES OF STONE, PLASTER, CEMENT, ASBESTOS, MICA OR SIMILAR MATERIALS.",0.46,AFGHANISTAN TIS,2018
69,CERAMIC PRODUCTS.,0.45,AFGHANISTAN TIS,2018
70,GLASS AND GLASSWARE.,0.23,AFGHANISTAN TIS,2018
71,"NATURAL OR CULTURED PEARLS,PRECIOUS OR SEMIPRECIOUS STONES,PRE.METALS,CLAD WITH PRE.METAL AND ARTCLS THEREOF;IMIT.JEWLRY;COIN.",2.77,AFGHANISTAN TIS,2018
72,IRON AND STEEL,0.84,AFGHANISTAN TIS,2018
73,ARTICLES OF IRON OR STEEL,61.16,AFGHANISTAN TIS,2018
74,COPPER AND ARTICLES THEREOF.,0.73,AFGHANISTAN TIS,2018
76,ALUMINIUM AND ARTICLES THEREOF.,38.36,AFGHANISTAN TIS,2018
78,LEAD AND ARTICLES THEREOF.,0,AFGHANISTAN TIS,2018
79,ZINC AND ARTICLES THEREOF.,,AFGHANISTAN TIS,2018
81,OTHER BASE METALS; CERMETS; ARTICLES THEREOF.,,AFGHANISTAN TIS,2018
82,"TOOLS IMPLEMENTS, CUTLERY, SPOONS AND FORKS, OF BASE METAL; PARTS THEREOF OF BASE METAL.",2.81,AFGHANISTAN TIS,2018
83,MISCELLANEOUS ARTICLES OF BASE METAL.,1.15,AFGHANISTAN TIS,2018
84,"NUCLEAR REACTORS, BOILERS, MACHINERY AND MECHANICAL APPLIANCES; PARTS THEREOF.",10.11,AFGHANISTAN TIS,2018
85,"ELECTRICAL MACHINERY AND EQUIPMENT AND PARTS THEREOF; SOUND RECORDERS AND REPRODUCERS, TELEVISION IMAGE AND SOUND RECORDERS AND REPRODUCERS,AND PARTS.",13.08,AFGHANISTAN TIS,2018
86,"RAILWAY OR TRAMWAY LOCOMOTIVES, ROLLING-STOCK AND PARTS THEREOF; RAILWAY OR TRAMWAY TRACK FIXTURES AND FITTINGS AND PARTS THEREOF; MECHANICAL",,AFGHANISTAN TIS,2018
87,"VEHICLES OTHER THAN RAILWAY OR TRAMWAY ROLLING STOCK, AND PARTS AND ACCESSORIES THEREOF.",16.09,AFGHANISTAN TIS,2018
88,"AIRCRAFT, SPACECRAFT, AND PARTS THEREOF.",0.56,AFGHANISTAN TIS,2018
90,"OPTICAL, PHOTOGRAPHIC CINEMATOGRAPHIC MEASURING, CHECKING PRECISION, MEDICAL OR SURGICAL INST. AND APPARATUS PARTS AND ACCESSORIES THEREOF;",7.25,AFGHANISTAN TIS,2018
91,CLOCKS AND WATCHES AND PARTS THEREOF.,0.32,AFGHANISTAN TIS,2018
92,MUSICAL INSTRUMENTS; PARTS AND ACCESSORIES OF SUCH ARTICLES.,0.02,AFGHANISTAN TIS,2018
94,"FURNITURE; BEDDING, MATTRESSES, MATTRESS SUPPORTS, CUSHIONS AND SIMILAR STUFFED FURNISHING; LAMPS AND LIGHTING FITTINGS NOT ELSEWHERE SPECIFIED OR INC",0.17,AFGHANISTAN TIS,2018
95,"TOYS, GAMES AND SPORTS REQUISITES; PARTS AND ACCESSORIES THEREOF.",0.09,AFGHANISTAN TIS,2018
96,MISCELLANEOUS MANUFACTURED ARTICLES.,1.59,AFGHANISTAN TIS,2018
97,WORKS OF ART COLLECTORS' PIECES AND ANTIQUES.,0.01,AFGHANISTAN TIS,2018
98,PROJECT GOODS; SOME SPECIAL USES.,0.03,AFGHANISTAN TIS,2018
99,MISCELLANEOUS GOODS.,0,AFGHANISTAN TIS,2018
